Symbol,socialScore,governanceScore,environmentScore,totalEsg,esgPerformance,percentile,peerGroup,highestControversy
CBRE,2.4,3.17,1.27,6.84,,1.19,Real Estate,1.0
HAS,2.88,4.2,0.04,7.11,,1.25,Consumer Durables,2.0
7912.T,1.57,5.15,0.43,7.15,,1.27,Commercial Services,0.0
C09.SI,2.57,4.82,0.35,7.74,,1.36,Real Estate,1.0
7911.T,1.88,4.98,1.32,8.18,,1.49,Commercial Services,1.0
FNV,2.57,5.54,0.08,8.18,,1.5,Precious Metals,2.0
STGPF,2.6,4.61,1.11,8.32,,1.54,Real Estate,2.0
BOSCHLTD.NS,0.0,0.0,0.0,8.44,,1.61,Auto Components,1.0
PLD,1.74,4.27,2.5,8.51,,1.58,Real Estate,1.0
ANNSF,3.57,4.46,0.51,8.54,,1.67,Transportation Infrastructure,0.0
TRI,3.15,5.95,0.07,9.17,,1.9,Media,2.0
CDW,3.29,3.54,2.4,9.23,,1.98,Technology Hardware,0.0
KEYS,2.24,5.04,2.03,9.31,,2.02,Technology Hardware,1.0
ACN,4.58,4.83,0.29,9.71,,2.21,Software & Services,2.0
GMGSF,3.21,4.41,2.11,9.72,,2.26,Real Estate,1.0
PEAK,2.22,4.49,3.01,9.73,,2.27,Real Estate,0.0
BVRDF,5.43,4.61,0.06,10.1,LAG_PERF,2.48,Commercial Services,1.0
EA,5.52,4.72,0.13,10.36,LAG_PERF,2.63,Software & Services,2.0
IPG,5.11,5.28,0.04,10.43,LAG_PERF,2.78,Media,1.0
MCO,5.23,5.25,0.02,10.5,LAG_PERF,2.86,Diversified Financials,2.0
AVB,3.02,4.56,2.95,10.53,LAG_PERF,2.83,Real Estate,1.0
LKQ,4.0,3.27,3.27,10.54,LAG_PERF,2.89,Retailing,2.0
STX,3.8,5.26,1.59,10.66,LAG_PERF,2.13,Technology Hardware,1.0
APD,1.28,3.59,5.94,10.81,LAG_PERF,3.12,Chemicals,1.0
REG,2.86,4.45,3.56,10.88,LAG_PERF,3.27,Real Estate,0.0
ILMN,3.72,6.21,0.98,10.9,LAG_PERF,3.29,Pharmaceuticals,3.0
HPQ,5.0,5.82,0.11,10.93,LAG_PERF,3.21,Technology Hardware,2.0
RHI,7.37,3.46,0.1,10.93,LAG_PERF,3.3,Commercial Services,1.0
AMT,3.56,5.02,2.36,10.94,LAG_PERF,3.23,Real Estate,1.0
AZO,7.09,3.83,0.11,11.04,LAG_PERF,3.47,Retailing,2.0
EQR,3.06,5.21,2.89,11.16,LAG_PERF,3.64,Real Estate,1.0
5108.T,3.04,5.21,2.93,11.18,LAG_PERF,3.55,Auto Components,2.0
6098.T,5.94,5.24,0.05,11.24,LAG_PERF,3.6,Commercial Services,2.0
WDC,3.91,6.05,1.48,11.43,LAG_PERF,3.92,Technology Hardware,1.0
HEROMOTOCO.NS,2.83,6.45,2.15,11.43,LAG_PERF,3.9,Automobiles,1.0
IPGP,2.82,5.05,3.62,11.49,LAG_PERF,3.97,Technology Hardware,0.0
LOW,4.63,3.15,3.7,11.49,LAG_PERF,3.89,Retailing,2.0
APTV,3.75,5.27,2.49,11.51,LAG_PERF,4.01,Auto Components,1.0
AAP,8.29,3.11,0.11,11.52,LAG_PERF,4.01,Retailing,2.0
AMAT,2.62,5.1,3.84,11.56,LAG_PERF,3.94,Semiconductors,1.0
SBAC,3.23,5.23,3.11,11.58,LAG_PERF,4.07,Real Estate,0.0
NWSA,4.58,7.02,0.02,11.61,LAG_PERF,4.12,Media,2.0
CI,5.99,5.65,0.02,11.65,LAG_PERF,2.83,Healthcare,2.0
NDAQ,4.56,5.28,1.81,11.65,LAG_PERF,4.2,Diversified Financials,1.0
TECHM.NS,5.89,5.26,0.5,11.65,LAG_PERF,4.18,Software & Services,1.0
LDOS,4.99,5.39,1.29,11.67,LAG_PERF,4.22,Software & Services,2.0
DHR,5.16,5.22,1.35,11.73,LAG_PERF,4.16,Pharmaceuticals,2.0
EQIX,3.51,5.65,2.63,11.79,LAG_PERF,4.24,Real Estate,1.0
HPE,4.92,6.25,0.76,11.94,LAG_PERF,4.44,Technology Hardware,2.0
WELL,3.22,4.92,3.87,12.01,LAG_PERF,4.67,Real Estate,1.0
SYY,4.7,4.57,2.79,12.06,LAG_PERF,4.68,Food Retailers,2.0
CSCO,5.59,6.45,0.03,12.07,LAG_PERF,4.7,Technology Hardware,2.0
KMX,8.02,3.99,0.09,12.1,LAG_PERF,4.78,Retailing,2.0
ABC,5.64,5.16,1.32,12.12,LAG_PERF,4.8,Healthcare,3.0
KIM,2.91,5.53,3.7,12.14,LAG_PERF,4.83,Real Estate,0.0
CDNS,6.06,4.72,1.41,12.19,LAG_PERF,4.91,Software & Services,0.0
CAH,5.9,4.86,1.51,12.28,LAG_PERF,5.05,Healthcare,3.0
PSA,2.55,5.24,4.51,12.3,LAG_PERF,5.09,Real Estate,1.0
ESS,2.69,6.13,3.5,12.33,LAG_PERF,5.13,Real Estate,1.0
UDR,4.0,5.21,3.15,12.36,LAG_PERF,5.15,Real Estate,1.0
FRT,4.34,5.82,2.27,12.42,LAG_PERF,4.3,Real Estate,1.0
ADBE,5.93,4.64,1.89,12.46,LAG_PERF,5.31,Software & Services,1.0
BXP,4.52,5.45,2.54,12.51,LAG_PERF,5.38,Real Estate,1.0
HD,5.51,3.63,3.4,12.54,LAG_PERF,5.49,Retailing,2.0
DLR,2.81,7.0,2.8,12.61,LAG_PERF,5.55,Real Estate,0.0
GPC,5.23,3.78,3.62,12.62,LAG_PERF,5.58,Retailing,2.0
VTR,4.28,5.73,2.75,12.75,LAG_PERF,5.78,Real Estate,0.0
BWA,4.21,5.71,2.86,12.78,LAG_PERF,5.81,Auto Components,2.0
SLG,3.08,6.95,2.76,12.78,LAG_PERF,5.82,Real Estate,1.0
VFC,6.91,5.07,0.9,12.89,LAG_PERF,6.03,Textiles & Apparel,2.0
WU,6.48,5.15,1.29,12.92,LAG_PERF,6.07,Software & Services,1.0
HCLTECH.NS,6.1,6.0,0.82,12.92,LAG_PERF,6.08,Software & Services,2.0
WIPRO.NS,6.04,5.68,1.19,12.92,LAG_PERF,6.07,Software & Services,2.0
TRMB,3.72,6.09,3.17,12.98,LAG_PERF,6.23,Technology Hardware,0.0
ORLY,8.89,3.98,0.16,13.03,LAG_PERF,6.3,Retailing,1.0
ANSS,7.32,4.86,0.86,13.05,LAG_PERF,6.33,Software & Services,0.0
CRM,6.39,4.46,2.34,13.18,LAG_PERF,6.62,Software & Services,2.0
CCI,2.92,5.06,5.21,13.2,LAG_PERF,6.63,Real Estate,0.0
RL,6.79,5.28,1.14,13.21,LAG_PERF,6.61,Textiles & Apparel,2.0
7272.T,4.97,6.33,1.99,13.29,LAG_PERF,6.78,Automobiles,1.0
MTD,7.41,4.91,1.0,13.32,LAG_PERF,6.85,Pharmaceuticals,0.0
TPR,7.2,4.91,1.23,13.33,LAG_PERF,6.88,Textiles & Apparel,2.0
HSIC,5.59,5.64,2.14,13.37,LAG_PERF,6.95,Healthcare,2.0
EICHERMOT.NS,3.28,6.52,3.59,13.4,LAG_PERF,7.02,Automobiles,2.0
6861.T,4.39,8.03,1.01,13.43,LAG_PERF,7.07,Technology Hardware,0.0
LRCX,3.97,4.98,4.5,13.45,LAG_PERF,7.12,Semiconductors,1.0
NVDA,5.16,6.03,2.26,13.45,LAG_PERF,7.14,Semiconductors,2.0
SNPS,6.2,4.07,3.18,13.45,LAG_PERF,7.1,Software & Services,0.0
TMO,5.6,6.46,1.47,13.52,LAG_PERF,7.28,Pharmaceuticals,3.0
NWL,4.03,3.42,6.22,13.67,LAG_PERF,7.54,Consumer Durables,2.0
6724.T,3.88,7.83,2.05,13.75,LAG_PERF,7.68,Technology Hardware,1.0
ARE,3.66,6.27,3.91,13.85,LAG_PERF,7.93,Real Estate,0.0
JBHT,6.01,4.86,3.0,13.86,LAG_PERF,7.98,Transportation,1.0
ORCL,7.71,5.69,0.52,13.92,LAG_PERF,8.04,Software & Services,2.0
HST,5.64,5.05,3.25,13.94,LAG_PERF,8.13,Real Estate,1.0
TSCO,6.78,4.14,3.04,13.96,LAG_PERF,8.17,Retailing,2.0
ADP,6.96,5.94,1.07,13.97,LAG_PERF,8.15,Software & Services,1.0
6758.T,6.48,4.75,2.75,13.98,LAG_PERF,8.16,Consumer Durables,2.0
EXR,4.28,5.99,3.81,14.08,LAG_PERF,8.36,Real Estate,1.0
BBY,7.19,4.75,2.22,14.15,LAG_PERF,8.5,Retailing,2.0
MHK,4.19,4.36,5.61,14.17,LAG_PERF,8.53,Consumer Durables,2.0
SPG,3.99,6.38,3.83,14.21,LAG_PERF,8.62,Real Estate,1.0
TCS.NS,6.58,6.88,0.79,14.25,LAG_PERF,8.7,Software & Services,2.0
HBI,7.55,5.43,1.32,14.31,LAG_PERF,8.81,Textiles & Apparel,2.0
MSI,6.7,5.39,2.21,14.31,LAG_PERF,8.8,Technology Hardware,3.0
SPGI,6.16,8.15,0.0,14.31,LAG_PERF,8.81,Diversified Financials,1.0
LEG,4.13,3.78,6.46,14.36,LAG_PERF,8.93,Consumer Durables,2.0
CTSH,7.64,5.63,1.11,14.38,LAG_PERF,8.9,Software & Services,2.0
TJX,7.42,5.12,1.89,14.43,LAG_PERF,9.04,Retailing,2.0
CME,6.21,6.24,2.13,14.59,LAG_PERF,9.27,Diversified Financials,1.0
GWW,5.48,5.72,3.41,14.6,LAG_PERF,9.34,Traders & Distributors,1.0
9983.T,5.93,6.78,1.88,14.6,LAG_PERF,9.29,Retailing,3.0
MAA,3.74,5.4,5.5,14.64,LAG_PERF,9.44,Real Estate,1.0
8035.T,4.68,5.98,3.98,14.64,LAG_PERF,9.43,Semiconductors,0.0
JCI,4.55,5.25,4.89,14.7,LAG_PERF,9.52,Building Products,3.0
TGT,7.63,5.06,2.04,14.72,LAG_PERF,9.57,Retailing,3.0
IRM,3.74,6.0,5.0,14.74,LAG_PERF,9.64,Real Estate,2.0
IBM,6.67,7.64,0.47,14.77,LAG_PERF,9.67,Software & Services,2.0
DLTR,7.41,4.06,3.4,14.87,LAG_PERF,9.91,Retailing,2.0
DIS,7.92,6.9,0.06,14.88,LAG_PERF,9.94,Media,2.0
TITAN.NS,7.09,6.21,1.6,14.9,LAG_PERF,9.99,Textiles & Apparel,2.0
6702.T,9.09,5.35,0.5,14.94,LAG_PERF,10.07,Software & Services,2.0
MET,4.82,9.41,0.73,14.95,LAG_PERF,10.09,Insurance,2.0
6701.T,8.15,6.25,0.59,14.99,LAG_PERF,10.22,Technology Hardware,2.0
INFY.NS,7.41,6.72,0.97,15.1,LAG_PERF,10.4,Software & Services,2.0
MCK,7.37,5.52,2.29,15.17,LAG_PERF,10.55,Healthcare,3.0
A,8.65,6.26,0.34,15.24,LAG_PERF,10.91,Pharmaceuticals,1.0
MSFT,8.39,5.33,1.53,15.24,LAG_PERF,10.73,Software & Services,3.0
ULTA,7.2,4.29,3.83,15.33,LAG_PERF,11.13,Retailing,2.0
1925.T,5.56,8.15,1.65,15.35,LAG_PERF,11.2,Real Estate,3.0
AVY,1.14,3.67,10.58,15.38,LAG_PERF,11.31,Containers & Packaging,1.0
CNI,6.98,2.45,5.96,15.39,LAG_PERF,11.11,Transportation,2.0
JKHY,9.45,5.22,0.78,15.45,LAG_PERF,11.47,Software & Services,0.0
O,5.32,5.74,4.41,15.47,LAG_PERF,11.53,Real Estate,2.0
NTAP,6.93,5.98,2.58,15.49,LAG_PERF,11.56,Technology Hardware,1.0
7731.T,5.4,5.96,4.23,15.58,LAG_PERF,11.81,Consumer Durables,1.0
GPS,9.13,5.28,1.18,15.59,LAG_PERF,11.81,Retailing,3.0
EDU,9.44,6.07,0.15,15.66,LAG_PERF,8.6,Consumer Services,2.0
9602.T,6.15,9.42,0.18,15.75,LAG_PERF,12.22,Media,1.0
1928.T,5.04,5.48,5.25,15.76,LAG_PERF,12.27,Homebuilders,0.0
XRAY,6.86,6.71,2.21,15.78,LAG_PERF,12.32,Healthcare,1.0
WHR,7.08,3.96,4.76,15.8,LAG_PERF,12.34,Consumer Durables,2.0
EXPD,7.35,4.64,3.83,15.82,LAG_PERF,12.42,Transportation,2.0
TER,4.95,4.64,6.27,15.86,LAG_PERF,12.49,Semiconductors,0.0
PVH,9.73,4.94,1.26,15.93,LAG_PERF,12.7,Textiles & Apparel,3.0
ROST,8.45,5.68,1.8,15.93,LAG_PERF,12.54,Retailing,2.0
TEL,4.87,4.64,6.42,15.93,LAG_PERF,12.53,Technology Hardware,0.0
PEP,6.55,4.48,4.91,15.94,LAG_PERF,12.56,Food Products,3.0
PYPL,9.92,5.36,0.71,15.99,LAG_PERF,12.68,Software & Services,2.0
MSCI,6.77,7.59,1.65,16.01,LAG_PERF,12.86,Diversified Financials,0.0
XYL,7.4,5.08,3.56,16.04,LAG_PERF,12.91,Machinery,1.0
BAJAJ-AUTO.NS,5.58,7.08,3.38,16.04,LAG_PERF,12.93,Automobiles,1.0
ADSK,8.19,4.44,3.41,16.05,LAG_PERF,12.96,Software & Services,0.0
NOW,8.39,6.26,1.41,16.05,LAG_PERF,12.99,Software & Services,1.0
V,7.84,7.52,0.71,16.07,LAG_PERF,12.91,Software & Services,3.0
DXC,9.69,5.13,1.26,16.08,LAG_PERF,13.06,Software & Services,2.0
RF,7.03,7.44,1.6,16.08,LAG_PERF,13.04,Banks,2.0
TT,3.84,5.16,7.11,16.12,LAG_PERF,13.18,Building Products,2.0
HIG,5.99,8.67,1.5,16.17,LAG_PERF,13.34,Insurance,1.0
INTU,10.52,4.7,0.97,16.2,LAG_PERF,13.22,Software & Services,2.0
BR,9.01,6.38,0.82,16.21,LAG_PERF,13.44,Software & Services,2.0
PRU,6.57,8.6,1.03,16.21,LAG_PERF,13.28,Insurance,1.0
ZEEL.NS,0.0,0.0,0.0,16.22,LAG_PERF,13.46,Media,2.0
NFLX,6.83,9.34,0.09,16.25,LAG_PERF,13.39,Media,2.0
6981.T,2.77,7.95,5.55,16.27,LAG_PERF,13.44,Technology Hardware,1.0
OMC,9.33,6.88,0.09,16.3,LAG_PERF,13.73,Media,1.0
UAA,8.5,6.03,1.79,16.32,LAG_PERF,13.78,Retailing,2.0
ICE,7.98,6.68,1.68,16.34,LAG_PERF,13.69,Diversified Financials,2.0
3659.T,8.71,7.47,0.16,16.34,LAG_PERF,13.87,Software & Services,0.0
ANET,8.88,7.11,0.4,16.4,LAG_PERF,14.02,Technology Hardware,1.0
AKAM,6.9,6.72,2.93,16.55,LAG_PERF,14.46,Software & Services,1.0
JNPR,8.52,6.41,1.66,16.59,LAG_PERF,14.57,Technology Hardware,1.0
QCOM,4.05,7.71,4.83,16.59,LAG_PERF,14.45,Semiconductors,4.0
6645.T,4.63,7.07,4.91,16.6,LAG_PERF,14.61,Technology Hardware,1.0
DE,6.9,6.55,3.19,16.64,LAG_PERF,14.59,Machinery,2.0
7974.T,8.82,7.73,0.11,16.67,LAG_PERF,14.65,Software & Services,2.0
AAPL,6.86,9.18,0.65,16.68,LAG_PERF,14.68,Technology Hardware,3.0
PKI,10.1,5.85,0.75,16.7,LAG_PERF,14.93,Pharmaceuticals,2.0
WM,5.24,3.28,8.22,16.73,LAG_PERF,14.85,Commercial Services,2.0
PKG,1.35,3.76,11.65,16.75,LAG_PERF,15.05,Containers & Packaging,1.0
KLAC,4.76,4.91,7.13,16.79,LAG_PERF,15.18,Semiconductors,0.0
SGBAF,6.66,6.19,3.99,16.84,LAG_PERF,15.36,Media,0.0
8031.T,4.72,5.62,6.51,16.85,LAG_PERF,15.19,Traders & Distributors,2.0
BIO,8.25,7.19,1.44,16.87,LAG_PERF,15.45,Pharmaceuticals,1.0
9007.T,3.46,11.77,1.65,16.88,LAG_PERF,15.47,Diversified Financials,1.0
NKE,6.99,6.92,3.04,16.95,LAG_PERF,15.43,Textiles & Apparel,3.0
MA,8.1,8.57,0.32,16.98,LAG_PERF,15.51,Software & Services,4.0
WAT,9.4,6.24,1.37,17.01,LAG_PERF,15.87,Pharmaceuticals,0.0
7832.T,9.64,7.3,0.07,17.01,LAG_PERF,15.86,Software & Services,1.0
7751.T,7.45,8.04,1.55,17.04,LAG_PERF,15.7,Technology Hardware,2.0
TROW,9.3,5.39,2.36,17.05,LAG_PERF,16.02,Diversified Financials,1.0
EBAY,9.33,6.84,0.93,17.11,LAG_PERF,15.88,Software & Services,2.0
4452.T,5.08,6.12,5.91,17.11,LAG_PERF,15.89,Household Products,2.0
PFG,6.65,9.88,0.68,17.22,LAG_PERF,16.56,Insurance,1.0
SYF,9.89,7.19,0.13,17.22,LAG_PERF,16.29,Diversified Financials,2.0
CP,8.21,2.85,6.17,17.24,LAG_PERF,16.61,Transportation,2.0
INTC,5.94,6.96,4.36,17.26,LAG_PERF,16.44,Semiconductors,3.0
AFL,7.26,9.57,0.47,17.3,LAG_PERF,16.56,Insurance,2.0
MFC,7.86,8.45,1.02,17.33,LAG_PERF,16.68,Insurance,2.0
UNM,8.86,7.69,0.79,17.35,LAG_PERF,16.99,Insurance,1.0
DG,8.56,5.53,3.27,17.36,LAG_PERF,17.04,Retailing,2.0
TEF,9.2,6.59,1.57,17.36,LAG_PERF,16.77,Telecommunication Services,2.0
8802.T,6.15,7.99,3.25,17.4,LAG_PERF,16.9,Real Estate,0.0
FITB,8.68,7.36,1.41,17.44,LAG_PERF,17.32,Banks,2.0
HLT,6.77,3.67,7.0,17.44,LAG_PERF,17.3,Consumer Services,2.0
MU,5.07,5.77,6.6,17.44,LAG_PERF,17.03,Semiconductors,2.0
4901.T,8.53,6.98,1.95,17.46,LAG_PERF,17.39,Technology Hardware,2.0
PAYX,9.81,6.51,1.17,17.48,LAG_PERF,17.44,Software & Services,0.0
UNH,11.62,5.89,0.03,17.54,LAG_PERF,17.38,Healthcare,3.0
WY,3.29,3.78,10.48,17.56,LAG_PERF,17.41,Paper & Forestry,2.0
H78.SI,5.54,8.27,3.75,17.56,LAG_PERF,17.7,Real Estate,0.0
5332.T,2.58,7.93,7.1,17.62,LAG_PERF,17.95,Building Products,0.0
ROK,6.64,5.65,5.37,17.67,LAG_PERF,18.11,Electrical Equipment,2.0
LVS,7.76,8.65,1.28,17.69,LAG_PERF,17.83,Consumer Services,2.0
CM,8.05,7.39,2.26,17.69,LAG_PERF,17.85,Banks,2.0
BEP,9.49,5.78,2.49,17.76,LAG_PERF,18.41,Utilities,1.0
6753.T,7.55,6.69,3.58,17.83,LAG_PERF,18.6,Consumer Durables,2.0
ETN,6.76,5.72,5.37,17.85,LAG_PERF,18.33,Electrical Equipment,1.0
LNC,6.09,9.89,1.89,17.87,LAG_PERF,18.72,Insurance,2.0
BAM,8.59,8.97,0.45,18.02,LAG_PERF,18.87,Diversified Financials,1.0
CPRT,11.03,5.41,1.61,18.05,LAG_PERF,19.32,Commercial Services,1.0
RE,6.67,9.99,1.4,18.06,LAG_PERF,19.33,Insurance,1.0
FIS,11.14,5.68,1.27,18.08,LAG_PERF,19.08,Software & Services,1.0
7741.T,9.46,6.07,2.57,18.1,LAG_PERF,19.46,Healthcare,1.0
FLT,9.08,6.16,2.88,18.11,LAG_PERF,19.53,Software & Services,2.0
REGN,10.75,7.03,0.38,18.15,LAG_PERF,19.32,Pharmaceuticals,2.0
Z74.SI,9.63,5.95,2.6,18.17,LAG_PERF,19.42,Telecommunication Services,2.0
Z77.SI,9.63,5.95,2.6,18.17,LAG_PERF,19.42,Telecommunication Services,2.0
BEN,9.88,7.18,1.12,18.18,LAG_PERF,19.8,Diversified Financials,2.0
RY,11.06,5.99,1.17,18.22,LAG_PERF,19.52,Banks,3.0
CTAS,9.17,5.88,3.21,18.25,LAG_PERF,20.04,Commercial Services,2.0
WBA,11.52,4.73,2.03,18.29,LAG_PERF,19.73,Food Retailers,3.0
2502.T,7.32,6.0,4.96,18.29,LAG_PERF,20.16,Food Products,2.0
AXP,8.37,9.95,0.05,18.38,LAG_PERF,20.03,Diversified Financials,2.0
8306.T,10.48,6.83,1.08,18.39,LAG_PERF,20.06,Banks,3.0
TAL,10.63,7.68,0.13,18.44,LAG_PERF,20.54,Consumer Services,2.0
URI,6.57,5.99,5.89,18.45,LAG_PERF,20.56,Traders & Distributors,1.0
ZTS,8.15,8.95,1.38,18.47,LAG_PERF,20.34,Pharmaceuticals,1.0
VZ,8.92,5.69,3.88,18.48,LAG_PERF,20.38,Telecommunication Services,3.0
GRMN,7.86,5.28,5.4,18.54,LAG_PERF,20.87,Consumer Durables,2.0
KMI,7.32,3.48,7.75,18.55,LAG_PERF,20.69,Refiners & Pipelines,2.0
7752.T,8.49,9.35,0.73,18.57,LAG_PERF,20.95,Technology Hardware,1.0
MGA,9.23,5.07,4.36,18.66,LAG_PERF,21.2,Auto Components,2.0
FISV,10.73,6.75,1.19,18.68,LAG_PERF,21.3,Software & Services,2.0
ES,8.16,5.77,4.8,18.73,LAG_PERF,21.43,Utilities,2.0
LH,11.55,7.13,0.13,18.81,LAG_PERF,21.65,Healthcare,2.0
6471.T,7.51,7.54,3.8,18.85,LAG_PERF,21.83,Auto Components,2.0
ATVI,12.48,6.31,0.15,18.94,LAG_PERF,21.96,Software & Services,4.0
9735.T,9.53,8.17,1.24,18.94,LAG_PERF,22.22,Commercial Services,1.0
GPN,10.98,6.8,1.25,19.03,LAG_PERF,22.53,Software & Services,1.0
HDFC.NS,7.89,8.72,2.5,19.11,LAG_PERF,22.38,Banks,2.0
FTNT,12.19,5.71,1.23,19.13,LAG_PERF,22.85,Software & Services,1.0
IQV,10.62,7.22,1.3,19.14,LAG_PERF,22.9,Pharmaceuticals,2.0
8601.T,7.29,10.78,1.08,19.15,LAG_PERF,22.96,Diversified Financials,1.0
FFIV,12.49,5.42,1.26,19.18,LAG_PERF,23.0,Software & Services,1.0
ALL,7.85,9.94,1.44,19.22,LAG_PERF,22.85,Insurance,2.0
VRSK,13.5,5.7,0.11,19.3,LAG_PERF,23.54,Commercial Services,1.0
EW,8.85,7.63,2.86,19.33,LAG_PERF,23.64,Healthcare,2.0
CMI,7.5,6.06,5.8,19.36,LAG_PERF,23.35,Machinery,2.0
6762.T,4.97,7.65,6.74,19.36,LAG_PERF,23.72,Technology Hardware,2.0
GLW,5.24,6.87,7.3,19.42,LAG_PERF,23.58,Technology Hardware,2.0
IDXX,7.1,9.05,3.3,19.45,LAG_PERF,24.02,Healthcare,1.0
MMC,7.9,11.49,0.06,19.45,LAG_PERF,23.69,Insurance,2.0
9766.T,10.93,8.38,0.14,19.45,LAG_PERF,24.01,Software & Services,1.0
COO,10.76,6.03,2.7,19.5,LAG_PERF,24.18,Healthcare,2.0
UPS,9.55,5.38,4.58,19.5,LAG_PERF,23.87,Transportation,2.0
8267.T,8.28,6.83,4.41,19.52,LAG_PERF,24.24,Food Retailers,2.0
SSNLF,7.13,11.5,0.96,19.59,LAG_PERF,24.17,Technology Hardware,4.0
ITW,9.07,6.22,4.31,19.6,UNDER_PERF,24.21,Machinery,2.0
BHARTIARTL.NS,7.92,8.38,3.31,19.61,UNDER_PERF,24.58,Telecommunication Services,3.0
3382.T,6.7,7.28,5.67,19.64,UNDER_PERF,24.31,Food Retailers,2.0
CHD,6.63,6.62,6.53,19.79,UNDER_PERF,25.12,Household Products,2.0
G13.SI,9.34,8.73,1.73,19.79,UNDER_PERF,25.11,Consumer Services,1.0
IAUGF,9.75,8.63,1.44,19.82,UNDER_PERF,25.18,Insurance,2.0
6326.T,9.29,7.48,3.13,19.91,UNDER_PERF,25.42,Machinery,1.0
TXN,5.06,6.03,8.84,19.93,UNDER_PERF,25.15,Semiconductors,2.0
BNS,10.05,8.5,1.45,20.0,AVG_PERF,25.3,Banks,3.0
U11.SI,8.94,9.65,1.42,20.01,AVG_PERF,25.35,Banks,2.0
8058.T,6.42,8.01,5.59,20.02,AVG_PERF,25.41,Traders & Distributors,2.0
CHRW,9.29,5.63,5.15,20.07,AVG_PERF,25.87,Transportation,1.0
CSX,9.19,3.44,7.45,20.09,AVG_PERF,25.63,Transportation,3.0
S68.SI,7.86,10.21,2.08,20.16,AVG_PERF,26.2,Diversified Financials,0.0
D05.SI,10.85,8.11,1.22,20.19,AVG_PERF,26.07,Banks,2.0
6770.T,5.12,8.81,6.27,20.2,AVG_PERF,26.37,Technology Hardware,1.0
GL,8.16,10.51,1.58,20.25,AVG_PERF,26.54,Insurance,1.0
MLCO,8.22,10.16,1.9,20.28,AVG_PERF,26.63,Consumer Services,2.0
ROL,11.18,7.34,1.76,20.28,AVG_PERF,26.64,Commercial Services,1.0
8591.T,10.65,9.58,0.08,20.31,AVG_PERF,26.75,Diversified Financials,2.0
IVZ,9.87,9.76,0.7,20.33,AVG_PERF,26.8,Diversified Financials,2.0
NEM,8.24,5.16,6.92,20.33,AVG_PERF,26.81,Precious Metals,3.0
NVR,7.82,5.3,7.21,20.33,AVG_PERF,26.87,Homebuilders,1.0
HBAN,10.79,7.63,1.96,20.38,AVG_PERF,27.06,Banks,2.0
2503.T,8.45,7.02,4.94,20.41,AVG_PERF,27.13,Food Products,2.0
FDX,9.32,5.84,5.29,20.45,AVG_PERF,27.01,Transportation,2.0
8697.T,8.0,11.01,1.49,20.51,AVG_PERF,27.54,Diversified Financials,2.0
TRV,9.45,10.08,0.99,20.52,AVG_PERF,27.27,Insurance,1.0
6971.T,4.42,9.22,6.89,20.53,AVG_PERF,27.61,Technology Hardware,2.0
YUM,11.65,4.44,4.46,20.55,AVG_PERF,27.31,Consumer Services,2.0
BLK,9.61,9.48,1.49,20.57,AVG_PERF,27.39,Diversified Financials,2.0
SEE,1.52,3.23,15.83,20.57,AVG_PERF,27.76,Containers & Packaging,2.0
CNC,13.28,7.22,0.09,20.61,AVG_PERF,27.89,Healthcare,2.0
8411.T,10.97,8.37,1.34,20.68,AVG_PERF,27.75,Banks,3.0
CSL,3.67,6.11,10.99,20.78,AVG_PERF,28.47,Building Products,0.0
PGR,8.36,10.85,1.67,20.87,AVG_PERF,28.77,Insurance,1.0
PHM,7.28,4.86,8.73,20.87,AVG_PERF,28.74,Homebuilders,2.0
TD,11.55,8.16,1.17,20.87,AVG_PERF,28.41,Banks,3.0
6902.T,6.22,9.87,4.82,20.91,AVG_PERF,28.53,Auto Components,3.0
CBOE,7.58,10.64,2.73,20.95,AVG_PERF,28.97,Diversified Financials,1.0
RCL,8.04,3.79,9.14,20.97,AVG_PERF,29.08,Consumer Services,3.0
DGX,12.67,8.18,0.13,20.98,AVG_PERF,29.11,Healthcare,3.0
RSG,6.02,3.66,11.3,20.98,AVG_PERF,29.14,Commercial Services,3.0
BIIB,13.22,7.81,0.02,21.05,AVG_PERF,28.86,Pharmaceuticals,3.0
CLX,9.2,5.61,6.33,21.14,AVG_PERF,29.73,Household Products,2.0
8309.T,11.86,7.9,1.37,21.14,AVG_PERF,29.72,Banks,2.0
TAP,8.67,5.57,6.96,21.21,AVG_PERF,29.97,Food Products,2.0
4503.T,12.18,7.25,1.79,21.22,AVG_PERF,29.48,Pharmaceuticals,2.0
AJG,10.7,10.47,0.11,21.28,AVG_PERF,30.35,Insurance,2.0
CMS,5.78,5.7,9.8,21.29,AVG_PERF,30.37,Utilities,2.0
APH,5.49,7.81,8.04,21.35,AVG_PERF,30.55,Technology Hardware,2.0
8604.T,9.15,11.32,0.89,21.35,AVG_PERF,30.59,Diversified Financials,3.0
4689.T,9.32,8.34,3.7,21.36,AVG_PERF,29.96,Software & Services,1.0
KR,9.43,5.46,6.51,21.39,AVG_PERF,30.14,Food Retailers,3.0
Y92.SI,7.09,6.94,7.38,21.4,AVG_PERF,30.75,Food Products,0.0
8630.T,10.12,9.48,1.8,21.4,AVG_PERF,30.75,Insurance,1.0
RMSYF,11.24,6.99,3.15,21.4,AVG_PERF,30.74,Healthcare,1.0
UPL.NS,5.23,5.59,10.6,21.42,AVG_PERF,30.87,Chemicals,4.0
DISH,10.25,9.59,1.62,21.44,AVG_PERF,30.34,Media,3.0
VRSN,10.77,5.93,4.74,21.44,AVG_PERF,30.97,Software & Services,1.0
PBA,6.92,3.27,11.25,21.44,AVG_PERF,30.95,Refiners & Pipelines,1.0
9613.T,12.79,7.74,0.92,21.45,AVG_PERF,30.98,Software & Services,2.0
BK,9.17,11.18,1.13,21.48,AVG_PERF,30.44,Diversified Financials,3.0
9433.T,10.82,7.67,3.0,21.48,AVG_PERF,30.45,Telecommunication Services,2.0
8001.T,6.33,8.02,7.14,21.49,AVG_PERF,31.13,Traders & Distributors,2.0
GIS,8.94,4.13,8.45,21.51,AVG_PERF,30.57,Food Products,2.0
4324.T,12.47,9.15,0.09,21.71,AVG_PERF,31.84,Media,4.0
DHI,6.66,5.74,9.35,21.74,AVG_PERF,31.97,Homebuilders,2.0
IT,15.44,6.2,0.13,21.78,AVG_PERF,32.08,Commercial Services,1.0
6367.T,4.63,8.79,8.38,21.81,AVG_PERF,31.48,Building Products,2.0
MRK,11.47,9.57,0.79,21.84,AVG_PERF,31.62,Pharmaceuticals,3.0
LNT,5.65,6.18,10.04,21.87,AVG_PERF,32.38,Utilities,1.0
AWK,7.58,5.27,9.04,21.89,AVG_PERF,32.45,Utilities,1.0
MAR,9.05,4.09,8.75,21.89,AVG_PERF,31.85,Consumer Services,3.0
SLB,8.76,5.76,7.41,21.93,AVG_PERF,32.0,Energy Services,1.0
WRB,7.95,12.04,1.97,21.97,AVG_PERF,32.76,Insurance,1.0
ENB,9.36,3.66,8.97,21.98,AVG_PERF,32.14,Refiners & Pipelines,3.0
AMGN,13.46,7.89,0.69,22.04,AVG_PERF,32.32,Pharmaceuticals,3.0
KMB,7.77,6.23,8.05,22.05,AVG_PERF,32.38,Household Products,2.0
T,13.15,6.66,2.27,22.07,AVG_PERF,32.48,Telecommunication Services,3.0
GILD,14.04,8.01,0.03,22.08,AVG_PERF,32.53,Pharmaceuticals,2.0
CL,9.35,6.72,6.06,22.12,AVG_PERF,32.7,Household Products,3.0
6479.T,7.42,8.79,5.96,22.17,AVG_PERF,33.41,Electrical Equipment,0.0
5201.T,5.04,6.65,10.5,22.18,AVG_PERF,33.46,Building Products,2.0
MS,11.76,9.73,0.72,22.22,AVG_PERF,32.92,Diversified Financials,3.0
STT,11.2,9.11,1.96,22.27,AVG_PERF,33.16,Diversified Financials,2.0
IFF,5.42,6.5,10.39,22.31,AVG_PERF,33.89,Chemicals,2.0
4704.T,10.01,8.24,4.07,22.31,AVG_PERF,33.9,Software & Services,1.0
BKNG,12.48,7.83,2.02,22.33,AVG_PERF,33.4,Software & Services,3.0
PNC,11.75,8.86,1.73,22.34,AVG_PERF,33.46,Banks,3.0
HUM,16.43,5.94,0.01,22.37,AVG_PERF,33.66,Healthcare,2.0
J,11.46,5.62,5.29,22.37,AVG_PERF,33.64,Construction & Engineering,3.0
AVGO,6.92,6.66,8.82,22.41,AVG_PERF,33.71,Semiconductors,3.0
2413.T,12.17,10.13,0.13,22.43,AVG_PERF,33.8,Healthcare,1.0
MAS,5.8,7.21,9.44,22.44,AVG_PERF,34.42,Building Products,1.0
9432.T,12.44,8.1,1.95,22.49,AVG_PERF,34.06,Telecommunication Services,2.0
TECK,6.72,4.07,11.69,22.49,AVG_PERF,34.6,Diversified Metals,3.0
4755.T,11.5,9.59,1.41,22.5,AVG_PERF,34.71,Software & Services,2.0
KO,9.72,4.95,7.88,22.56,AVG_PERF,34.34,Food Products,3.0
DVA,14.08,8.42,0.07,22.56,AVG_PERF,34.98,Healthcare,2.0
DFS,11.87,10.58,0.13,22.57,AVG_PERF,34.41,Diversified Financials,2.0
AMP,7.22,12.82,2.57,22.61,AVG_PERF,35.18,Diversified Financials,2.0
COF,13.33,9.22,0.07,22.62,AVG_PERF,34.56,Diversified Financials,4.0
MDT,12.63,7.63,2.39,22.66,AVG_PERF,34.78,Healthcare,3.0
AEM,8.88,4.73,9.09,22.71,AVG_PERF,35.62,Precious Metals,2.0
NSC,11.36,3.32,8.05,22.73,AVG_PERF,35.04,Transportation,2.0
PNR,10.01,6.07,6.66,22.74,AVG_PERF,35.74,Machinery,1.0
KOTAKBANK.NS,10.64,10.11,2.04,22.79,AVG_PERF,35.93,Banks,2.0
VRTX,15.4,6.67,0.75,22.82,AVG_PERF,36.05,Pharmaceuticals,2.0
BMY,14.93,7.56,0.34,22.83,AVG_PERF,35.47,Pharmaceuticals,2.0
CVS,16.39,6.44,0.03,22.86,AVG_PERF,35.57,Healthcare,3.0
ROP,12.71,5.56,4.62,22.9,AVG_PERF,36.43,Software & Services,0.0
8801.T,7.95,10.01,5.02,22.98,AVG_PERF,36.73,Real Estate,0.0
RCI,11.81,6.66,4.52,22.99,AVG_PERF,36.78,Telecommunication Services,3.0
TRP,8.7,3.42,10.9,23.02,AVG_PERF,36.24,Refiners & Pipelines,3.0
9064.T,11.35,6.64,5.08,23.07,AVG_PERF,37.16,Transportation,2.0
ED,9.34,6.29,7.46,23.09,AVG_PERF,37.25,Utilities,3.0
LEN,8.77,5.47,8.89,23.11,AVG_PERF,37.34,Homebuilders,2.0
KEY,11.08,10.17,1.89,23.14,AVG_PERF,37.43,Banks,1.0
3402.T,3.48,10.93,8.76,23.17,AVG_PERF,37.54,Chemicals,3.0
WAB,11.69,7.04,4.52,23.25,AVG_PERF,37.82,Machinery,1.0
TCOM,11.02,9.77,2.53,23.31,AVG_PERF,33.0,Software & Services,2.0
LUMN,11.72,6.67,4.93,23.32,AVG_PERF,38.04,Telecommunication Services,2.0
6301.T,10.17,8.31,4.95,23.42,AVG_PERF,38.49,Machinery,2.0
CFG,10.15,11.35,1.96,23.46,AVG_PERF,38.62,Banks,2.0
WMB,10.43,3.08,9.98,23.5,AVG_PERF,38.79,Refiners & Pipelines,2.0
CPB,8.15,4.47,10.93,23.55,AVG_PERF,39.01,Food Products,2.0
CMG,13.45,4.69,5.5,23.64,AVG_PERF,39.35,Consumer Services,2.0
CCL,9.86,3.82,10.01,23.69,AVG_PERF,38.77,Consumer Services,3.0
DXCM,10.24,8.08,5.39,23.7,AVG_PERF,39.6,Healthcare,0.0
8331.T,8.19,13.94,1.58,23.7,AVG_PERF,39.57,Banks,1.0
IP,4.5,4.95,14.26,23.71,AVG_PERF,39.64,Paper & Forestry,3.0
ALLE,4.54,6.43,12.75,23.72,AVG_PERF,39.72,Building Products,0.0
BAX,13.6,7.31,2.83,23.74,AVG_PERF,38.97,Healthcare,3.0
ISRG,9.78,9.6,4.37,23.74,AVG_PERF,38.97,Healthcare,1.0
8308.T,8.85,12.89,2.02,23.76,AVG_PERF,39.87,Banks,2.0
MDLZ,9.08,5.18,9.46,23.78,AVG_PERF,39.15,Food Products,3.0
PM,10.73,9.49,3.57,23.79,AVG_PERF,39.17,Food Products,3.0
HAL,8.59,6.32,8.89,23.8,AVG_PERF,39.21,Energy Services,2.0
XEL,6.75,4.18,12.87,23.8,AVG_PERF,40.01,Utilities,2.0
CB,11.59,10.58,1.67,23.85,AVG_PERF,39.46,Insurance,2.0
8830.T,9.07,10.09,4.69,23.85,AVG_PERF,40.22,Real Estate,0.0
NTRS,11.83,10.17,1.87,23.86,AVG_PERF,40.29,Diversified Financials,2.0
VIPS,8.02,8.2,7.68,23.9,AVG_PERF,40.42,Retailing,2.0
MO,12.98,6.35,4.66,23.99,AVG_PERF,39.98,Food Products,2.0
RJF,10.38,12.43,1.18,23.99,AVG_PERF,40.72,Diversified Financials,2.0
SCHW,10.14,11.79,2.08,24.01,AVG_PERF,40.09,Diversified Financials,2.0
AMBUJACEM.NS,5.4,7.16,11.45,24.01,AVG_PERF,40.8,Construction Materials,2.0
8725.T,9.69,12.62,1.74,24.04,AVG_PERF,40.96,Insurance,2.0
AME,8.51,6.92,8.65,24.08,AVG_PERF,41.14,Electrical Equipment,1.0
ECL,8.44,6.17,9.48,24.09,AVG_PERF,40.48,Chemicals,2.0
INCY,15.55,7.11,1.45,24.12,AVG_PERF,41.31,Pharmaceuticals,1.0
GOOGL,11.1,11.39,1.66,24.14,AVG_PERF,40.68,Software & Services,4.0
COST,11.21,5.72,7.26,24.19,AVG_PERF,40.87,Food Retailers,3.0
6503.T,10.04,9.37,4.79,24.2,AVG_PERF,40.96,Electrical Equipment,3.0
BIDU,12.65,9.06,2.52,24.22,AVG_PERF,35.85,Software & Services,3.0
FRC,9.83,12.7,1.74,24.27,AVG_PERF,42.04,Banks,2.0
6594.T,10.01,7.22,7.06,24.3,AVG_PERF,41.37,Electrical Equipment,1.0
PPG,7.69,7.32,9.32,24.33,AVG_PERF,41.53,Chemicals,1.0
2269.T,8.5,6.99,8.87,24.36,AVG_PERF,42.38,Food Products,2.0
EXC,8.97,6.59,8.83,24.39,AVG_PERF,41.76,Utilities,3.0
8015.T,7.87,8.22,8.38,24.47,AVG_PERF,42.93,Traders & Distributors,1.0
AIZ,11.58,11.27,1.63,24.48,AVG_PERF,42.97,Insurance,3.0
5802.T,11.36,7.74,5.39,24.49,AVG_PERF,42.99,Electrical Equipment,1.0
4151.T,14.11,8.03,2.37,24.5,AVG_PERF,43.06,Pharmaceuticals,1.0
3407.T,4.05,8.1,12.4,24.55,AVG_PERF,43.19,Chemicals,2.0
8750.T,10.44,12.22,1.92,24.58,AVG_PERF,43.28,Insurance,1.0
LYB,2.13,5.82,16.64,24.59,AVG_PERF,42.48,Chemicals,2.0
EMN,5.42,7.2,11.98,24.6,AVG_PERF,43.37,Chemicals,2.0
WMT,13.92,6.31,4.4,24.63,AVG_PERF,42.64,Food Retailers,4.0
6473.T,10.23,10.41,4.04,24.68,AVG_PERF,43.74,Auto Components,2.0
7269.T,8.0,10.5,6.21,24.7,AVG_PERF,43.85,Automobiles,2.0
SRE,7.14,5.5,12.09,24.72,AVG_PERF,42.98,Utilities,3.0
CMCSA,12.11,8.09,4.56,24.76,AVG_PERF,43.16,Telecommunication Services,2.0
MCD,14.3,6.32,4.18,24.79,AVG_PERF,43.3,Consumer Services,3.0
PFC.NS,,,,24.82,AVG_PERF,44.36,Diversified Financials,2.0
SBUX,14.5,4.21,6.11,24.83,AVG_PERF,43.47,Consumer Services,3.0
4502.T,15.02,8.81,1.12,24.95,AVG_PERF,43.91,Pharmaceuticals,2.0
ABT,13.59,8.36,3.03,24.98,AVG_PERF,44.01,Healthcare,3.0
JNJ,15.79,8.55,0.74,25.08,AVG_PERF,44.38,Pharmaceuticals,4.0
9984.T,14.18,7.48,3.42,25.08,AVG_PERF,44.37,Telecommunication Services,2.0
9020.T,10.04,4.91,10.18,25.12,AVG_PERF,44.57,Transportation,1.0
7270.T,8.7,8.49,7.95,25.13,AVG_PERF,44.64,Automobiles,2.0
UNP,12.14,3.69,9.43,25.26,AVG_PERF,45.1,Transportation,2.0
DOV,12.38,5.77,7.12,25.27,AVG_PERF,46.05,Machinery,1.0
D01.SI,8.11,7.57,9.61,25.3,AVG_PERF,46.18,Food Retailers,1.0
AIG,9.67,13.79,1.87,25.32,AVG_PERF,45.32,Insurance,2.0
7202.T,8.16,9.33,7.84,25.33,AVG_PERF,46.29,Automobiles,2.0
PFE,12.85,9.66,2.83,25.34,AVG_PERF,45.4,Pharmaceuticals,3.0
D,8.55,5.73,11.11,25.38,AVG_PERF,45.48,Utilities,2.0
AOS,11.87,6.27,7.29,25.43,AVG_PERF,46.64,Machinery,0.0
CDUAF,10.31,5.99,9.18,25.47,AVG_PERF,46.81,Utilities,0.0
MGM,12.97,10.53,2.0,25.49,AVG_PERF,46.91,Consumer Services,2.0
CNP,9.56,5.42,10.58,25.56,AVG_PERF,47.19,Utilities,2.0
CINF,10.97,12.83,1.82,25.62,AVG_PERF,47.44,Insurance,1.0
MARUTI.NS,10.85,8.17,6.67,25.69,AVG_PERF,46.73,Automobiles,4.0
EXPE,13.79,9.81,2.11,25.7,AVG_PERF,47.79,Software & Services,2.0
8316.T,12.78,11.02,1.89,25.7,AVG_PERF,46.8,Banks,2.0
8795.T,10.18,13.24,2.28,25.7,AVG_PERF,47.78,Insurance,1.0
MOTHERSON.NS,11.21,8.27,6.25,25.72,AVG_PERF,47.92,Auto Components,0.0
8002.T,7.89,8.16,9.7,25.74,AVG_PERF,47.99,Traders & Distributors,2.0
EFX,18.63,6.98,0.16,25.76,AVG_PERF,48.08,Commercial Services,4.0
7733.T,15.75,8.09,1.94,25.78,AVG_PERF,48.17,Healthcare,3.0
STZ,10.04,5.4,10.35,25.79,AVG_PERF,47.2,Food Products,2.0
AEP,7.54,5.43,12.84,25.81,AVG_PERF,47.31,Utilities,2.0
5333.T,10.64,8.98,6.26,25.88,AVG_PERF,48.69,Machinery,1.0
EL,11.34,7.68,6.88,25.91,AVG_PERF,47.74,Household Products,2.0
SWK,12.51,7.59,5.83,25.93,AVG_PERF,48.88,Machinery,2.0
FLS,11.97,5.65,8.32,25.94,AVG_PERF,48.93,Machinery,2.0
2802.T,9.44,4.7,11.8,25.94,AVG_PERF,48.91,Food Products,2.0
CMA,10.99,12.66,2.31,25.97,AVG_PERF,49.09,Banks,2.0
6954.T,10.63,7.93,7.42,25.98,AVG_PERF,48.15,Machinery,1.0
4543.T,12.16,10.37,3.52,26.05,AVG_PERF,49.37,Healthcare,1.0
TMUS,13.35,7.69,5.03,26.07,AVG_PERF,48.42,Telecommunication Services,3.0
4911.T,8.83,7.63,9.62,26.07,AVG_PERF,49.52,Household Products,2.0
8766.T,10.43,13.99,1.68,26.09,AVG_PERF,48.49,Insurance,2.0
OKE,11.01,3.31,11.78,26.1,AVG_PERF,49.58,Refiners & Pipelines,1.0
DAL,11.46,5.15,9.52,26.13,AVG_PERF,48.63,Transportation,2.0
GS,12.67,12.24,1.25,26.16,AVG_PERF,48.73,Diversified Financials,3.0
MTB,12.77,11.19,2.2,26.16,AVG_PERF,48.72,Banks,1.0
NCLH,10.12,4.12,11.98,26.22,AVG_PERF,50.11,Consumer Services,2.0
4507.T,13.93,10.81,1.55,26.28,AVG_PERF,50.39,Pharmaceuticals,1.0
PEG,9.28,5.46,11.56,26.31,AVG_PERF,50.51,Utilities,2.0
BSX,12.69,10.63,3.0,26.33,AVG_PERF,49.43,Healthcare,2.0
FAST,8.66,7.05,10.69,26.4,AVG_PERF,50.85,Traders & Distributors,2.0
RMD,12.41,10.63,3.36,26.41,AVG_PERF,50.87,Healthcare,1.0
WYNN,11.98,10.96,3.55,26.49,AVG_PERF,51.18,Consumer Services,3.0
CHTR,13.1,7.86,5.57,26.53,AVG_PERF,50.18,Telecommunication Services,2.0
9021.T,12.68,5.25,8.6,26.53,AVG_PERF,51.34,Transportation,1.0
MARICO.NS,8.53,6.18,11.84,26.54,AVG_PERF,51.38,Food Products,1.0
MKC,11.3,5.21,10.07,26.58,AVG_PERF,51.54,Food Products,2.0
PG,9.6,7.47,9.54,26.61,AVG_PERF,50.48,Household Products,3.0
C,13.11,11.82,1.75,26.68,AVG_PERF,50.69,Banks,4.0
BAJAJFINSV.NS,11.25,13.58,1.88,26.72,AVG_PERF,52.03,Insurance,1.0
BDX,15.56,7.48,3.7,26.74,AVG_PERF,50.87,Healthcare,3.0
ICICIBANK.NS,11.95,12.8,1.99,26.74,AVG_PERF,50.84,Banks,3.0
IEX,13.0,5.72,8.1,26.82,AVG_PERF,52.41,Machinery,0.0
K,14.87,4.58,7.4,26.84,AVG_PERF,51.24,Food Products,2.0
2914.T,11.82,8.24,6.82,26.88,AVG_PERF,51.38,Food Products,2.0
GODREJCP.NS,8.0,7.9,10.99,26.88,AVG_PERF,52.62,Household Products,1.0
4523.T,15.42,8.88,2.72,27.01,AVG_PERF,53.22,Pharmaceuticals,2.0
8053.T,8.89,8.38,9.83,27.08,AVG_PERF,53.44,Traders & Distributors,2.0
4042.T,2.93,9.22,14.95,27.09,AVG_PERF,53.47,Chemicals,0.0
C6L.SI,12.8,5.44,8.86,27.1,AVG_PERF,53.49,Transportation,2.0
BAC,14.37,11.16,1.62,27.15,AVG_PERF,52.39,Banks,3.0
ZBH,14.6,8.24,4.46,27.3,AVG_PERF,54.32,Healthcare,2.0
6178.T,9.34,15.39,2.61,27.33,AVG_PERF,53.0,Insurance,4.0
AXISBANK.NS,12.09,12.75,2.5,27.33,AVG_PERF,54.44,Banks,3.0
WEC,7.4,5.27,14.68,27.36,AVG_PERF,54.55,Utilities,1.0
YESBANK.NS,8.24,17.09,2.03,27.36,AVG_PERF,54.55,Banks,4.0
NOC,14.87,5.05,7.47,27.4,AVG_PERF,53.22,Aerospace & Defense,2.0
EIX,11.2,5.5,10.73,27.43,AVG_PERF,53.36,Utilities,3.0
HSY,10.89,5.24,11.3,27.43,AVG_PERF,54.81,Food Products,3.0
4568.T,15.4,9.57,2.53,27.5,AVG_PERF,55.14,Pharmaceuticals,1.0
NEE,7.64,5.83,14.05,27.53,AVG_PERF,53.78,Utilities,2.0
M&M.NS,13.55,5.85,8.15,27.55,AVG_PERF,55.31,Automobiles,2.0
DUK,8.57,4.56,14.49,27.63,AVG_PERF,54.28,Utilities,2.0
9022.T,11.89,5.83,10.01,27.73,AVG_PERF,54.64,Transportation,2.0
SWKS,8.93,7.21,11.63,27.76,AVG_PERF,56.21,Semiconductors,1.0
PCAR,10.99,8.42,8.36,27.77,AVG_PERF,56.23,Machinery,3.0
ABBV,16.77,9.95,1.12,27.84,AVG_PERF,55.08,Pharmaceuticals,3.0
ITC.NS,14.3,7.69,5.92,27.91,AVG_PERF,55.31,Food Products,2.0
DRI,15.0,4.57,8.43,27.99,AVG_PERF,57.15,Consumer Services,2.0
MNST,10.58,5.03,12.43,28.03,AVG_PERF,55.81,Food Products,2.0
7261.T,11.77,9.21,7.05,28.03,AVG_PERF,57.27,Automobiles,2.0
SHREECEM.NS,4.19,8.91,15.0,28.11,AVG_PERF,57.58,Construction Materials,2.0
NTR,8.43,6.47,13.29,28.18,AVG_PERF,57.82,Chemicals,2.0
HCA,17.34,7.4,3.5,28.24,AVG_PERF,56.57,Healthcare,2.0
HOLX,13.27,10.18,4.79,28.24,AVG_PERF,58.05,Healthcare,1.0
GAIL.NS,11.17,7.85,9.29,28.31,AVG_PERF,58.25,Utilities,3.0
3405.T,3.46,9.03,15.84,28.33,AVG_PERF,58.33,Chemicals,2.0
LMT,15.9,7.2,5.27,28.36,AVG_PERF,56.97,Aerospace & Defense,3.0
SIVB,11.1,15.02,2.25,28.36,AVG_PERF,58.47,Banks,1.0
CIPLA.NS,14.8,10.22,3.36,28.39,AVG_PERF,58.59,Pharmaceuticals,2.0
SYK,13.96,10.84,3.72,28.52,AVG_PERF,57.49,Healthcare,3.0
4506.T,15.48,10.08,2.97,28.52,AVG_PERF,59.08,Pharmaceuticals,2.0
TSLA,16.16,9.61,2.78,28.54,AVG_PERF,57.53,Automobiles,3.0
SHW,8.99,6.72,12.93,28.63,AVG_PERF,57.91,Chemicals,2.0
9005.T,12.53,4.78,11.34,28.66,AVG_PERF,59.56,Transportation,0.0
MPC,7.01,5.79,15.91,28.7,AVG_PERF,58.15,Refiners & Pipelines,3.0
ALB,5.54,7.73,15.53,28.8,AVG_PERF,60.23,Chemicals,2.0
UAL,12.95,4.96,10.9,28.81,AVG_PERF,60.3,Transportation,2.0
1801.T,10.79,10.83,7.19,28.82,AVG_PERF,60.32,Construction & Engineering,2.0
7203.T,11.17,10.33,7.37,28.87,AVG_PERF,58.9,Automobiles,3.0
DD,8.12,7.39,13.44,28.95,AVG_PERF,59.18,Chemicals,3.0
7267.T,12.36,8.45,8.17,28.98,AVG_PERF,59.32,Automobiles,4.0
JPM,16.18,11.73,1.11,29.02,AVG_PERF,59.52,Banks,3.0
VMC,4.56,8.85,15.61,29.02,AVG_PERF,61.2,Construction Materials,2.0
QRVO,8.5,7.46,13.12,29.08,AVG_PERF,61.41,Semiconductors,0.0
AAL,12.31,5.26,11.53,29.1,AVG_PERF,61.51,Transportation,2.0
PH,13.68,6.24,9.2,29.13,AVG_PERF,61.64,Machinery,2.0
1802.T,12.55,11.99,4.61,29.16,,61.77,Construction & Engineering,2.0
6988.T,7.36,8.86,12.98,29.2,,61.98,Chemicals,0.0
NESTLEIND.NS,10.63,5.57,13.02,29.22,,62.05,Food Products,3.0
7211.T,13.83,9.18,6.24,29.25,,62.24,Automobiles,3.0
4519.T,17.06,11.15,1.05,29.26,,62.27,Pharmaceuticals,1.0
CE,7.71,6.47,15.09,29.27,,62.31,Chemicals,2.0
HON,10.19,8.54,10.58,29.31,,60.66,Industrial Conglomerates,3.0
PSX,7.0,5.96,16.39,29.35,,60.82,Refiners & Pipelines,3.0
HKMPF,16.9,8.93,3.63,29.45,,63.12,Pharmaceuticals,1.0
EMR,12.34,7.0,10.13,29.47,,61.35,Machinery,2.0
FE,9.72,6.84,12.96,29.51,,63.42,Utilities,3.0
NI,10.25,5.18,14.08,29.51,,63.4,Utilities,3.0
AEE,9.93,5.49,14.11,29.53,,63.46,Utilities,2.0
ETR,6.85,6.41,16.31,29.57,,63.59,Utilities,2.0
TFX,16.12,8.67,4.83,29.63,,63.82,Healthcare,2.0
SBIN.NS,13.74,13.54,2.59,29.88,,63.07,Banks,2.0
HRL,10.68,6.0,13.23,29.91,,65.04,Food Products,3.0
F,11.34,9.35,9.27,29.95,,63.41,Automobiles,3.0
CF,7.73,5.49,16.82,30.03,LEAD_PERF,65.45,Chemicals,1.0
USB,15.85,12.49,1.71,30.05,LEAD_PERF,63.72,Banks,3.0
VLO,7.23,4.65,18.18,30.05,LEAD_PERF,63.68,Refiners & Pipelines,2.0
DTE,10.04,4.77,15.28,30.09,LEAD_PERF,65.64,Utilities,2.0
7011.T,12.79,8.71,8.59,30.09,LEAD_PERF,65.68,Machinery,2.0
AMZN,14.8,9.89,5.59,30.28,LEAD_PERF,64.44,Retailing,3.0
SU,6.09,4.73,19.59,30.41,LEAD_PERF,64.81,Oil & Gas Producers,2.0
7186.T,12.67,16.34,1.69,30.69,LEAD_PERF,67.67,Banks,1.0
4063.T,7.11,10.64,12.98,30.72,LEAD_PERF,65.91,Chemicals,1.0
TATASTEEL.NS,12.82,6.52,11.39,30.72,LEAD_PERF,67.76,Steel,3.0
5020.T,8.34,6.6,15.86,30.8,LEAD_PERF,67.98,Refiners & Pipelines,2.0
SNA,13.91,7.59,9.33,30.83,LEAD_PERF,68.05,Machinery,1.0
S63.SI,14.65,8.45,7.76,30.87,LEAD_PERF,68.18,Aerospace & Defense,2.0
GM,12.92,7.69,10.28,30.89,LEAD_PERF,66.37,Automobiles,4.0
SJM,12.44,6.16,12.36,30.97,LEAD_PERF,68.5,Food Products,2.0
MCHP,8.75,7.4,14.83,30.98,LEAD_PERF,68.58,Semiconductors,1.0
DPZ,16.68,6.62,7.73,31.02,LEAD_PERF,68.72,Consumer Services,2.0
PNW,10.23,5.97,14.86,31.06,LEAD_PERF,68.9,Utilities,1.0
DABUR.NS,11.07,7.97,12.21,31.24,LEAD_PERF,69.54,Household Products,1.0
6273.T,13.29,10.12,7.84,31.25,LEAD_PERF,69.55,Machinery,0.0
DRREDDY.NS,17.13,10.37,3.83,31.33,LEAD_PERF,69.9,Pharmaceuticals,3.0
IMO,8.06,6.82,16.49,31.38,LEAD_PERF,68.13,Oil & Gas Producers,1.0
HDFCBANK.NS,16.31,12.8,2.29,31.4,LEAD_PERF,68.17,Banks,2.0
O39.SI,14.35,15.11,2.04,31.51,LEAD_PERF,68.51,Banks,2.0
9202.T,14.66,6.88,10.18,31.72,LEAD_PERF,71.02,Transportation,2.0
CAG,15.89,4.88,10.96,31.73,LEAD_PERF,71.05,Food Products,2.0
7201.T,13.29,9.05,9.4,31.74,LEAD_PERF,69.22,Automobiles,4.0
MLM,4.53,8.74,18.55,31.82,LEAD_PERF,71.38,Construction Materials,2.0
4578.T,17.09,11.26,3.57,31.92,LEAD_PERF,69.85,Pharmaceuticals,2.0
FCX,10.15,5.22,16.56,31.94,LEAD_PERF,71.73,Diversified Metals,4.0
NUE,13.33,8.95,9.66,31.94,LEAD_PERF,71.72,Steel,2.0
7205.T,15.88,9.22,6.89,31.99,LEAD_PERF,71.91,Machinery,3.0
NRG,9.42,5.67,17.08,32.16,LEAD_PERF,72.43,Utilities,2.0
9001.T,14.34,5.86,12.06,32.25,LEAD_PERF,72.76,Transportation,1.0
LUV,14.89,6.21,11.29,32.39,LEAD_PERF,71.33,Transportation,2.0
LLY,17.4,11.56,3.43,32.4,LEAD_PERF,71.37,Pharmaceuticals,2.0
BHC,18.28,9.22,5.15,32.64,LEAD_PERF,73.88,Pharmaceuticals,3.0
1812.T,14.0,11.31,7.38,32.7,LEAD_PERF,73.98,Construction & Engineering,2.0
FMC,9.09,7.47,16.18,32.74,LEAD_PERF,74.11,Chemicals,2.0
WFC,15.4,15.51,1.94,32.84,LEAD_PERF,72.65,Banks,5.0
GOLD,11.95,5.46,15.47,32.88,LEAD_PERF,74.55,Precious Metals,4.0
UHS,20.68,8.6,3.7,32.98,LEAD_PERF,74.79,Healthcare,3.0
NOV,12.0,8.5,12.54,33.04,LEAD_PERF,74.96,Energy Services,2.0
SO,11.0,7.3,14.79,33.09,LEAD_PERF,73.34,Utilities,2.0
F34.SI,9.74,6.93,16.66,33.33,LEAD_PERF,75.71,Food Products,3.0
CNQ,8.07,7.1,18.24,33.41,LEAD_PERF,74.2,Oil & Gas Producers,1.0
MMM,13.56,7.72,12.33,33.61,LEAD_PERF,74.68,Industrial Conglomerates,3.0
TXT,16.23,6.53,11.05,33.81,LEAD_PERF,77.01,Aerospace & Defense,2.0
PPL,8.31,5.81,19.71,33.84,LEAD_PERF,75.37,Utilities,2.0
APAJF,11.87,5.84,16.23,33.94,LEAD_PERF,77.4,Utilities,2.0
MOS,11.05,8.66,14.35,34.06,LEAD_PERF,77.7,Chemicals,2.0
1803.T,15.49,11.61,7.03,34.13,LEAD_PERF,77.91,Construction & Engineering,1.0
AES,11.2,6.47,16.48,34.15,LEAD_PERF,78.0,Utilities,2.0
HINDALCO.NS,9.56,10.48,14.1,34.15,LEAD_PERF,77.96,Diversified Metals,3.0
CAT,18.52,8.47,7.18,34.18,LEAD_PERF,76.45,Machinery,4.0
9531.T,14.89,7.02,12.39,34.3,LEAD_PERF,78.5,Utilities,1.0
6501.T,13.14,11.28,9.97,34.39,LEAD_PERF,77.11,Industrial Conglomerates,3.0
4005.T,7.84,10.25,16.31,34.4,LEAD_PERF,78.76,Chemicals,2.0
IDEA.NS,0.0,0.0,0.0,34.42,LEAD_PERF,78.81,Telecommunication Services,3.0
LT.NS,13.86,15.83,4.75,34.44,LEAD_PERF,78.86,Construction & Engineering,2.0
BHEL.NS,0.0,0.0,0.0,34.45,LEAD_PERF,78.9,Electrical Equipment,4.0
BA,19.72,7.87,7.08,34.68,LEAD_PERF,77.96,Aerospace & Defense,4.0
Q0F.SI,21.44,8.19,5.08,34.71,LEAD_PERF,79.6,Healthcare,1.0
1605.T,6.6,9.17,18.98,34.75,LEAD_PERF,79.72,Oil & Gas Producers,1.0
4188.T,8.59,10.2,15.97,34.75,LEAD_PERF,79.75,Chemicals,1.0
FTV,13.97,4.7,16.09,34.76,LEAD_PERF,79.76,Industrial Conglomerates,1.0
ATO,13.42,6.54,14.83,34.79,LEAD_PERF,79.83,Utilities,2.0
COP,9.71,7.87,17.29,34.86,LEAD_PERF,78.39,Oil & Gas Producers,2.0
GD,19.52,6.87,8.48,34.88,LEAD_PERF,78.44,Aerospace & Defense,3.0
JSWSTEEL.NS,11.88,10.04,13.13,35.05,LEAD_PERF,80.37,Steel,3.0
SIEMENS.NS,12.94,8.63,13.7,35.26,LEAD_PERF,80.96,Industrial Conglomerates,1.0
KHC,14.29,6.63,14.38,35.3,LEAD_PERF,79.6,Food Products,3.0
IOC.NS,9.19,6.92,19.39,35.5,LEAD_PERF,80.59,Refiners & Pipelines,2.0
SUNPHARMA.NS,20.16,13.06,2.61,35.82,LEAD_PERF,82.52,Pharmaceuticals,3.0
9503.T,12.1,8.76,15.05,35.91,LEAD_PERF,82.72,Utilities,3.0
ULTRACEMCO.NS,6.67,10.41,18.84,35.92,LEAD_PERF,82.76,Construction Materials,2.0
HES,7.2,6.75,22.11,36.05,LEAD_PERF,83.2,Oil & Gas Producers,2.0
2801.T,13.26,7.46,15.32,36.05,LEAD_PERF,83.17,Food Products,0.0
EOG,8.13,7.73,20.39,36.25,LEAD_PERF,82.34,Oil & Gas Producers,1.0
ADM,13.16,5.01,18.23,36.4,LEAD_PERF,82.67,Food Products,3.0
XOM,9.82,8.1,18.55,36.47,LEAD_PERF,82.83,Oil & Gas Producers,3.0
NTPC.NS,13.45,7.87,15.3,36.62,LEAD_PERF,84.5,Utilities,4.0
TSN,12.39,9.97,14.31,36.67,LEAD_PERF,84.62,Food Products,4.0
BPCL.NS,9.67,6.77,20.25,36.68,LEAD_PERF,84.67,Refiners & Pipelines,2.0
DVN,8.15,7.83,20.71,36.69,LEAD_PERF,84.7,Oil & Gas Producers,2.0
PRGO,21.38,11.59,3.76,36.74,LEAD_PERF,84.79,Pharmaceuticals,2.0
PXD,8.97,9.1,18.67,36.74,LEAD_PERF,83.4,Oil & Gas Producers,1.0
5713.T,10.38,9.95,16.55,36.88,LEAD_PERF,85.11,Diversified Metals,2.0
PWR,15.73,9.05,12.4,37.18,LEAD_PERF,85.61,Construction & Engineering,2.0
5411.T,13.81,7.86,15.55,37.21,LEAD_PERF,85.65,Steel,0.0
CVX,8.71,10.29,18.61,37.61,LEAD_PERF,84.92,Oil & Gas Producers,3.0
2282.T,15.09,8.42,14.11,37.63,LEAD_PERF,86.32,Food Products,0.0
9532.T,14.14,8.7,14.8,37.64,LEAD_PERF,86.33,Utilities,2.0
5401.T,14.43,10.84,12.45,37.73,LEAD_PERF,86.47,Steel,2.0
6752.T,12.65,14.11,10.98,37.74,LEAD_PERF,85.15,Industrial Conglomerates,3.0
LUPIN.NS,19.36,13.51,5.26,38.13,LEAD_PERF,87.17,Pharmaceuticals,3.0
ZYDUSLIFE.NS,0.0,0.0,0.0,38.3,LEAD_PERF,87.39,Pharmaceuticals,3.0
J36.SI,13.26,8.88,16.29,38.44,LEAD_PERF,87.62,Industrial Conglomerates,2.0
HINDPETRO.NS,10.28,6.39,22.08,38.75,LEAD_PERF,88.11,Refiners & Pipelines,2.0
TDG,17.85,8.4,12.84,39.09,LEAD_PERF,88.57,Aerospace & Defense,2.0
7012.T,15.34,9.78,14.37,39.48,LEAD_PERF,89.11,Industrial Conglomerates,2.0
BN4.SI,13.96,9.63,16.22,39.81,LEAD_PERF,89.51,Industrial Conglomerates,3.0
9502.T,17.04,9.44,13.69,40.17,,89.96,Utilities,2.0
GE,15.04,11.58,14.09,40.71,,89.64,Industrial Conglomerates,3.0
MRO,10.14,7.96,23.91,42.01,,92.01,Oil & Gas Producers,2.0
GRASIM.NS,10.85,12.82,18.49,42.15,,92.15,Industrial Conglomerates,2.0
COALINDIA.NS,11.85,5.87,24.75,42.47,,91.91,Oil & Gas Producers,3.0
C07.SI,16.04,7.16,19.42,42.63,,92.68,Industrial Conglomerates,2.0
OXY,12.04,6.59,24.61,43.23,,93.0,Oil & Gas Producers,2.0
VEDL.NS,15.77,7.83,20.69,44.29,,94.54,Diversified Metals,4.0
ONGC.NS,17.74,12.44,24.76,54.93,,99.1,Oil & Gas Producers,5.0
9501.T,34.78,9.41,25.49,69.69,,99.99,Utilities,5.0
