{
    "AdjClose":"3948.72",
    "Close":"3948.72",
    "Date":"Mar-01-2023",
    "High":"4078.49",
    "Low":"3808.86",
    "Open":"3963.34",
    "Volume":"87661460000"
},
{
    "AdjClose":"3970.15",
    "Close":"3970.15",
    "Date":"Feb-01-2023",
    "High":"4195.44",
    "Low":"3943.08",
    "Open":"4070.07",
    "Volume":"80392280000"
},
{
    "AdjClose":"4076.6",
    "Close":"4076.6",
    "Date":"Jan-01-2023",
    "High":"4094.21",
    "Low":"3794.33",
    "Open":"3853.29",
    "Volume":"80763810000"
},
{
    "AdjClose":"3839.5",
    "Close":"3839.5",
    "Date":"Dec-01-2022",
    "High":"4100.96",
    "Low":"3764.49",
    "Open":"4087.14",
    "Volume":"85249330000"
},
{
    "AdjClose":"4080.11",
    "Close":"4080.11",
    "Date":"Nov-01-2022",
    "High":"4080.11",
    "Low":"3698.15",
    "Open":"3901.79",
    "Volume":"92671910000"
},
{
    "AdjClose":"3871.98",
    "Close":"3871.98",
    "Date":"Oct-01-2022",
    "High":"3905.42",
    "Low":"3491.58",
    "Open":"3609.78",
    "Volume":"95823760000"
},
{
    "AdjClose":"3585.62",
    "Close":"3585.62",
    "Date":"Sep-01-2022",
    "High":"4119.28",
    "Low":"3584.13",
    "Open":"3936.73",
    "Volume":"94241020000"
},
{
    "AdjClose":"3955",
    "Close":"3955",
    "Date":"Aug-01-2022",
    "High":"4325.28",
    "Low":"3954.53",
    "Open":"4112.38",
    "Volume":"92252350000"
},
{
    "AdjClose":"4130.29",
    "Close":"4130.29",
    "Date":"Jul-01-2022",
    "High":"4140.15",
    "Low":"3721.56",
    "Open":"3781",
    "Volume":"81688320000"
},
{
    "AdjClose":"3785.38",
    "Close":"3785.38",
    "Date":"Jun-01-2022",
    "High":"4177.51",
    "Low":"3636.87",
    "Open":"4149.78",
    "Volume":"1.06E+11"
},
{
    "AdjClose":"4132.15",
    "Close":"4132.15",
    "Date":"May-01-2022",
    "High":"4307.66",
    "Low":"3810.32",
    "Open":"4130.61",
    "Volume":"1.09E+11"
},
{
    "AdjClose":"4131.93",
    "Close":"4131.93",
    "Date":"Apr-01-2022",
    "High":"4593.45",
    "Low":"4124.28",
    "Open":"4540.32",
    "Volume":"90367840000"
},
{
    "AdjClose":"4530.41",
    "Close":"4530.41",
    "Date":"Mar-01-2022",
    "High":"4637.3",
    "Low":"4157.87",
    "Open":"4363.14",
    "Volume":"1.24E+11"
},
{
    "AdjClose":"4373.94",
    "Close":"4373.94",
    "Date":"Feb-01-2022",
    "High":"4595.31",
    "Low":"4114.65",
    "Open":"4519.57",
    "Volume":"92667710000"
},
{
    "AdjClose":"4515.55",
    "Close":"4515.55",
    "Date":"Jan-01-2022",
    "High":"4818.62",
    "Low":"4222.62",
    "Open":"4778.14",
    "Volume":"95562890000"
},
{
    "AdjClose":"4766.18",
    "Close":"4766.18",
    "Date":"Dec-01-2021",
    "High":"4808.93",
    "Low":"4495.12",
    "Open":"4602.82",
    "Volume":"92750180000"
},
{
    "AdjClose":"4567",
    "Close":"4567",
    "Date":"Nov-01-2021",
    "High":"4743.83",
    "Low":"4560",
    "Open":"4610.62",
    "Volume":"88268840000"
},
{
    "AdjClose":"4605.38",
    "Close":"4605.38",
    "Date":"Oct-01-2021",
    "High":"4608.08",
    "Low":"4278.94",
    "Open":"4317.16",
    "Volume":"80253600000"
},
{
    "AdjClose":"4307.54",
    "Close":"4307.54",
    "Date":"Sep-01-2021",
    "High":"4545.85",
    "Low":"4305.91",
    "Open":"4528.8",
    "Volume":"85528860000"
},
{
    "AdjClose":"4522.68",
    "Close":"4522.68",
    "Date":"Aug-01-2021",
    "High":"4537.36",
    "Low":"4367.73",
    "Open":"4406.86",
    "Volume":"80500760000"
},
{
    "AdjClose":"4395.26",
    "Close":"4395.26",
    "Date":"Jul-01-2021",
    "High":"4429.97",
    "Low":"4233.13",
    "Open":"4300.73",
    "Volume":"84255620000"
},
{
    "AdjClose":"4297.5",
    "Close":"4297.5",
    "Date":"Jun-01-2021",
    "High":"4302.43",
    "Low":"4164.4",
    "Open":"4216.52",
    "Volume":"1.03E+11"
},
{
    "AdjClose":"4204.11",
    "Close":"4204.11",
    "Date":"May-01-2021",
    "High":"4238.04",
    "Low":"4056.88",
    "Open":"4191.98",
    "Volume":"88321860000"
},
{
    "AdjClose":"4181.17",
    "Close":"4181.17",
    "Date":"Apr-01-2021",
    "High":"4218.78",
    "Low":"3992.78",
    "Open":"3992.78",
    "Volume":"83124090000"
},
{
    "AdjClose":"3972.89",
    "Close":"3972.89",
    "Date":"Mar-01-2021",
    "High":"3994.41",
    "Low":"3723.34",
    "Open":"3842.51",
    "Volume":"1.22E+11"
},
{
    "AdjClose":"3811.15",
    "Close":"3811.15",
    "Date":"Feb-01-2021",
    "High":"3950.43",
    "Low":"3725.62",
    "Open":"3731.17",
    "Volume":"99082320000"
},
{
    "AdjClose":"3714.24",
    "Close":"3714.24",
    "Date":"Jan-01-2021",
    "High":"3870.9",
    "Low":"3662.71",
    "Open":"3764.61",
    "Volume":"1.06E+11"
},
{
    "AdjClose":"3756.07",
    "Close":"3756.07",
    "Date":"Dec-01-2020",
    "High":"3760.2",
    "Low":"3633.4",
    "Open":"3645.87",
    "Volume":"96375680000"
},
{
    "AdjClose":"3621.63",
    "Close":"3621.63",
    "Date":"Nov-01-2020",
    "High":"3645.99",
    "Low":"3279.74",
    "Open":"3296.2",
    "Volume":"1.01E+11"
},
{
    "AdjClose":"3269.96",
    "Close":"3269.96",
    "Date":"Oct-01-2020",
    "High":"3549.85",
    "Low":"3233.94",
    "Open":"3385.87",
    "Volume":"89938980000"
},
{
    "AdjClose":"3363",
    "Close":"3363",
    "Date":"Sep-01-2020",
    "High":"3588.11",
    "Low":"3209.45",
    "Open":"3507.44",
    "Volume":"92310780000"
},
{
    "AdjClose":"3500.31",
    "Close":"3500.31",
    "Date":"Aug-01-2020",
    "High":"3514.77",
    "Low":"3284.53",
    "Open":"3288.26",
    "Volume":"82466520000"
},
{
    "AdjClose":"3271.12",
    "Close":"3271.12",
    "Date":"Jul-01-2020",
    "High":"3279.99",
    "Low":"3101.17",
    "Open":"3105.92",
    "Volume":"96928130000"
},
{
    "AdjClose":"3100.29",
    "Close":"3100.29",
    "Date":"Jun-01-2020",
    "High":"3233.13",
    "Low":"2965.66",
    "Open":"3038.78",
    "Volume":"1.31E+11"
},
{
    "AdjClose":"3044.31",
    "Close":"3044.31",
    "Date":"May-01-2020",
    "High":"3068.67",
    "Low":"2766.64",
    "Open":"2869.09",
    "Volume":"1.07E+11"
},
{
    "AdjClose":"2912.43",
    "Close":"2912.43",
    "Date":"Apr-01-2020",
    "High":"2954.86",
    "Low":"2447.49",
    "Open":"2498.08",
    "Volume":"1.24E+11"
},
{
    "AdjClose":"2584.59",
    "Close":"2584.59",
    "Date":"Mar-01-2020",
    "High":"3136.72",
    "Low":"2191.86",
    "Open":"2974.28",
    "Volume":"1.62E+11"
},
{
    "AdjClose":"2954.22",
    "Close":"2954.22",
    "Date":"Feb-01-2020",
    "High":"3393.52",
    "Low":"2855.84",
    "Open":"3235.66",
    "Volume":"84436590000"
},
{
    "AdjClose":"3225.52",
    "Close":"3225.52",
    "Date":"Jan-01-2020",
    "High":"3337.77",
    "Low":"3214.64",
    "Open":"3244.67",
    "Volume":"77287980000"
},
{
    "AdjClose":"3230.78",
    "Close":"3230.78",
    "Date":"Dec-01-2019",
    "High":"3247.93",
    "Low":"3070.33",
    "Open":"3143.85",
    "Volume":"72325540000"
},
{
    "AdjClose":"3140.98",
    "Close":"3140.98",
    "Date":"Nov-01-2019",
    "High":"3154.26",
    "Low":"3050.72",
    "Open":"3050.72",
    "Volume":"72410620000"
},
{
    "AdjClose":"3037.56",
    "Close":"3037.56",
    "Date":"Oct-01-2019",
    "High":"3050.1",
    "Low":"2855.94",
    "Open":"2983.69",
    "Volume":"77720640000"
},
{
    "AdjClose":"2976.74",
    "Close":"2976.74",
    "Date":"Sep-01-2019",
    "High":"3021.99",
    "Low":"2891.85",
    "Open":"2909.01",
    "Volume":"74178980000"
},
{
    "AdjClose":"2926.46",
    "Close":"2926.46",
    "Date":"Aug-01-2019",
    "High":"3013.59",
    "Low":"2822.12",
    "Open":"2980.32",
    "Volume":"80269220000"
},
{
    "AdjClose":"2980.38",
    "Close":"2980.38",
    "Date":"Jul-01-2019",
    "High":"3027.98",
    "Low":"2952.22",
    "Open":"2971.41",
    "Volume":"70599470000"
},
{
    "AdjClose":"2941.76",
    "Close":"2941.76",
    "Date":"Jun-01-2019",
    "High":"2964.15",
    "Low":"2728.81",
    "Open":"2751.53",
    "Volume":"71250630000"
},
{
    "AdjClose":"2752.06",
    "Close":"2752.06",
    "Date":"May-01-2019",
    "High":"2954.13",
    "Low":"2750.52",
    "Open":"2952.33",
    "Volume":"77250740000"
},
{
    "AdjClose":"2945.83",
    "Close":"2945.83",
    "Date":"Apr-01-2019",
    "High":"2949.52",
    "Low":"2848.63",
    "Open":"2848.63",
    "Volume":"70090370000"
},
{
    "AdjClose":"2834.4",
    "Close":"2834.4",
    "Date":"Mar-01-2019",
    "High":"2860.31",
    "Low":"2722.27",
    "Open":"2798.22",
    "Volume":"79159660000"
},
{
    "AdjClose":"2784.49",
    "Close":"2784.49",
    "Date":"Feb-01-2019",
    "High":"2813.49",
    "Low":"2681.83",
    "Open":"2702.32",
    "Volume":"70638770000"
},
{
    "AdjClose":"2704.1",
    "Close":"2704.1",
    "Date":"Jan-01-2019",
    "High":"2708.95",
    "Low":"2443.96",
    "Open":"2476.96",
    "Volume":"80859870000"
},
{
    "AdjClose":"2506.85",
    "Close":"2506.85",
    "Date":"Dec-01-2018",
    "High":"2800.18",
    "Low":"2346.58",
    "Open":"2790.5",
    "Volume":"84162180000"
},
{
    "AdjClose":"2760.17",
    "Close":"2760.17",
    "Date":"Nov-01-2018",
    "High":"2815.15",
    "Low":"2631.09",
    "Open":"2717.58",
    "Volume":"80620020000"
},
{
    "AdjClose":"2711.74",
    "Close":"2711.74",
    "Date":"Oct-01-2018",
    "High":"2939.86",
    "Low":"2603.54",
    "Open":"2926.29",
    "Volume":"91930980000"
},
{
    "AdjClose":"2913.98",
    "Close":"2913.98",
    "Date":"Sep-01-2018",
    "High":"2940.91",
    "Low":"2864.12",
    "Open":"2896.96",
    "Volume":"63031510000"
},
{
    "AdjClose":"2901.52",
    "Close":"2901.52",
    "Date":"Aug-01-2018",
    "High":"2916.5",
    "Low":"2796.34",
    "Open":"2821.17",
    "Volume":"69523070000"
},
{
    "AdjClose":"2816.29",
    "Close":"2816.29",
    "Date":"Jul-01-2018",
    "High":"2848.03",
    "Low":"2698.95",
    "Open":"2704.95",
    "Volume":"64898300000"
},
{
    "AdjClose":"2718.37",
    "Close":"2718.37",
    "Date":"Jun-01-2018",
    "High":"2791.47",
    "Low":"2691.99",
    "Open":"2718.7",
    "Volume":"77891360000"
},
{
    "AdjClose":"2705.27",
    "Close":"2705.27",
    "Date":"May-01-2018",
    "High":"2742.24",
    "Low":"2594.62",
    "Open":"2642.96",
    "Volume":"76011820000"
},
{
    "AdjClose":"2648.05",
    "Close":"2648.05",
    "Date":"Apr-01-2018",
    "High":"2717.49",
    "Low":"2553.8",
    "Open":"2633.45",
    "Volume":"70194700000"
},
{
    "AdjClose":"2640.87",
    "Close":"2640.87",
    "Date":"Mar-01-2018",
    "High":"2801.9",
    "Low":"2585.89",
    "Open":"2715.22",
    "Volume":"76803890000"
},
{
    "AdjClose":"2713.83",
    "Close":"2713.83",
    "Date":"Feb-01-2018",
    "High":"2835.96",
    "Low":"2532.69",
    "Open":"2816.45",
    "Volume":"79933970000"
},
{
    "AdjClose":"2823.81",
    "Close":"2823.81",
    "Date":"Jan-01-2018",
    "High":"2872.87",
    "Low":"2682.36",
    "Open":"2683.73",
    "Volume":"77318690000"
},
{
    "AdjClose":"2673.61",
    "Close":"2673.61",
    "Date":"Dec-01-2017",
    "High":"2694.97",
    "Low":"2605.52",
    "Open":"2645.1",
    "Volume":"65531700000"
},
{
    "AdjClose":"2647.58",
    "Close":"2647.58",
    "Date":"Nov-01-2017",
    "High":"2657.74",
    "Low":"2557.45",
    "Open":"2583.21",
    "Volume":"73416960000"
},
{
    "AdjClose":"2575.26",
    "Close":"2575.26",
    "Date":"Oct-01-2017",
    "High":"2582.98",
    "Low":"2520.4",
    "Open":"2521.2",
    "Volume":"71088550000"
},
{
    "AdjClose":"2519.36",
    "Close":"2519.36",
    "Date":"Sep-01-2017",
    "High":"2519.44",
    "Low":"2446.55",
    "Open":"2474.42",
    "Volume":"66624120000"
},
{
    "AdjClose":"2471.65",
    "Close":"2471.65",
    "Date":"Aug-01-2017",
    "High":"2490.87",
    "Low":"2417.35",
    "Open":"2477.1",
    "Volume":"70784900000"
},
{
    "AdjClose":"2470.3",
    "Close":"2470.3",
    "Date":"Jul-01-2017",
    "High":"2484.04",
    "Low":"2407.7",
    "Open":"2431.39",
    "Volume":"63348090000"
},
{
    "AdjClose":"2423.41",
    "Close":"2423.41",
    "Date":"Jun-01-2017",
    "High":"2453.82",
    "Low":"2405.7",
    "Open":"2415.65",
    "Volume":"81078810000"
},
{
    "AdjClose":"2411.8",
    "Close":"2411.8",
    "Date":"May-01-2017",
    "High":"2418.71",
    "Low":"2352.72",
    "Open":"2388.5",
    "Volume":"79719460000"
},
{
    "AdjClose":"2384.2",
    "Close":"2384.2",
    "Date":"Apr-01-2017",
    "High":"2398.16",
    "Low":"2328.95",
    "Open":"2362.34",
    "Volume":"65369860000"
},
{
    "AdjClose":"2362.72",
    "Close":"2362.72",
    "Date":"Mar-01-2017",
    "High":"2400.98",
    "Low":"2322.25",
    "Open":"2380.13",
    "Volume":"81664010000"
},
{
    "AdjClose":"2363.64",
    "Close":"2363.64",
    "Date":"Feb-01-2017",
    "High":"2371.54",
    "Low":"2271.65",
    "Open":"2285.59",
    "Volume":"69260940000"
},
{
    "AdjClose":"2278.87",
    "Close":"2278.87",
    "Date":"Jan-01-2017",
    "High":"2300.99",
    "Low":"2245.13",
    "Open":"2251.57",
    "Volume":"70576420000"
},
{
    "AdjClose":"2238.83",
    "Close":"2238.83",
    "Date":"Dec-01-2016",
    "High":"2277.53",
    "Low":"2187.44",
    "Open":"2200.17",
    "Volume":"75344550000"
},
{
    "AdjClose":"2198.81",
    "Close":"2198.81",
    "Date":"Nov-01-2016",
    "High":"2214.1",
    "Low":"2083.79",
    "Open":"2128.68",
    "Volume":"88445380000"
},
{
    "AdjClose":"2126.15",
    "Close":"2126.15",
    "Date":"Oct-01-2016",
    "High":"2169.6",
    "Low":"2114.72",
    "Open":"2164.33",
    "Volume":"72915530000"
},
{
    "AdjClose":"2168.27",
    "Close":"2168.27",
    "Date":"Sep-01-2016",
    "High":"2187.87",
    "Low":"2119.12",
    "Open":"2171.33",
    "Volume":"77023620000"
},
{
    "AdjClose":"2170.95",
    "Close":"2170.95",
    "Date":"Aug-01-2016",
    "High":"2193.81",
    "Low":"2147.58",
    "Open":"2173.15",
    "Volume":"75610310000"
},
{
    "AdjClose":"2173.6",
    "Close":"2173.6",
    "Date":"Jul-01-2016",
    "High":"2177.09",
    "Low":"2074.02",
    "Open":"2099.34",
    "Volume":"69530250000"
},
{
    "AdjClose":"2098.86",
    "Close":"2098.86",
    "Date":"Jun-01-2016",
    "High":"2120.55",
    "Low":"1991.68",
    "Open":"2093.94",
    "Volume":"86852700000"
},
{
    "AdjClose":"2096.95",
    "Close":"2096.95",
    "Date":"May-01-2016",
    "High":"2103.48",
    "Low":"2025.91",
    "Open":"2067.17",
    "Volume":"78883600000"
},
{
    "AdjClose":"2065.3",
    "Close":"2065.3",
    "Date":"Apr-01-2016",
    "High":"2111.05",
    "Low":"2033.8",
    "Open":"2056.62",
    "Volume":"81124990000"
},
{
    "AdjClose":"2059.74",
    "Close":"2059.74",
    "Date":"Mar-01-2016",
    "High":"2072.21",
    "Low":"1937.09",
    "Open":"1937.09",
    "Volume":"92639420000"
},
{
    "AdjClose":"1932.23",
    "Close":"1932.23",
    "Date":"Feb-01-2016",
    "High":"1962.96",
    "Low":"1810.1",
    "Open":"1936.94",
    "Volume":"93049560000"
},
{
    "AdjClose":"1940.24",
    "Close":"1940.24",
    "Date":"Jan-01-2016",
    "High":"2038.2",
    "Low":"1812.29",
    "Open":"2038.2",
    "Volume":"92409770000"
},
{
    "AdjClose":"2043.94",
    "Close":"2043.94",
    "Date":"Dec-01-2015",
    "High":"2104.27",
    "Low":"1993.26",
    "Open":"2082.93",
    "Volume":"83649260000"
},
{
    "AdjClose":"2080.41",
    "Close":"2080.41",
    "Date":"Nov-01-2015",
    "High":"2116.48",
    "Low":"2019.39",
    "Open":"2080.76",
    "Volume":"75943590000"
},
{
    "AdjClose":"2079.36",
    "Close":"2079.36",
    "Date":"Oct-01-2015",
    "High":"2094.32",
    "Low":"1893.7",
    "Open":"1919.65",
    "Volume":"85844900000"
},
{
    "AdjClose":"1920.03",
    "Close":"1920.03",
    "Date":"Sep-01-2015",
    "High":"2020.86",
    "Low":"1871.91",
    "Open":"1970.09",
    "Volume":"79989370000"
},
{
    "AdjClose":"1972.18",
    "Close":"1972.18",
    "Date":"Aug-01-2015",
    "High":"2112.66",
    "Low":"1867.01",
    "Open":"2104.49",
    "Volume":"84626790000"
},
{
    "AdjClose":"2103.84",
    "Close":"2103.84",
    "Date":"Jul-01-2015",
    "High":"2132.82",
    "Low":"2044.02",
    "Open":"2067",
    "Volume":"77920590000"
},
{
    "AdjClose":"2063.11",
    "Close":"2063.11",
    "Date":"Jun-01-2015",
    "High":"2129.87",
    "Low":"2056.32",
    "Open":"2108.64",
    "Volume":"73213980000"
},
{
    "AdjClose":"2107.39",
    "Close":"2107.39",
    "Date":"May-01-2015",
    "High":"2134.72",
    "Low":"2067.93",
    "Open":"2087.38",
    "Volume":"65187730000"
},
{
    "AdjClose":"2085.51",
    "Close":"2085.51",
    "Date":"Apr-01-2015",
    "High":"2125.92",
    "Low":"2048.38",
    "Open":"2067.63",
    "Volume":"72060940000"
},
{
    "AdjClose":"2067.89",
    "Close":"2067.89",
    "Date":"Mar-01-2015",
    "High":"2117.52",
    "Low":"2039.69",
    "Open":"2105.23",
    "Volume":"76675850000"
},
{
    "AdjClose":"2104.5",
    "Close":"2104.5",
    "Date":"Feb-01-2015",
    "High":"2119.59",
    "Low":"1980.9",
    "Open":"1996.67",
    "Volume":"68775560000"
},
{
    "AdjClose":"1994.99",
    "Close":"1994.99",
    "Date":"Jan-01-2015",
    "High":"2072.36",
    "Low":"1988.12",
    "Open":"2058.9",
    "Volume":"77330040000"
},
{
    "AdjClose":"2058.9",
    "Close":"2058.9",
    "Date":"Dec-01-2014",
    "High":"2093.55",
    "Low":"1972.56",
    "Open":"2065.78",
    "Volume":"80743820000"
},
{
    "AdjClose":"2067.56",
    "Close":"2067.56",
    "Date":"Nov-01-2014",
    "High":"2075.76",
    "Low":"2001.01",
    "Open":"2018.21",
    "Volume":"63600190000"
},
{
    "AdjClose":"2018.05",
    "Close":"2018.05",
    "Date":"Oct-01-2014",
    "High":"2018.19",
    "Low":"1820.66",
    "Open":"1971.44",
    "Volume":"93714040000"
},
{
    "AdjClose":"1972.29",
    "Close":"1972.29",
    "Date":"Sep-01-2014",
    "High":"2019.26",
    "Low":"1964.04",
    "Open":"2004.07",
    "Volume":"66706000000"
},
{
    "AdjClose":"2003.37",
    "Close":"2003.37",
    "Date":"Aug-01-2014",
    "High":"2005.04",
    "Low":"1904.78",
    "Open":"1929.8",
    "Volume":"58131140000"
},
{
    "AdjClose":"1930.67",
    "Close":"1930.67",
    "Date":"Jul-01-2014",
    "High":"1991.39",
    "Low":"1930.67",
    "Open":"1962.29",
    "Volume":"66524690000"
},
{
    "AdjClose":"1960.23",
    "Close":"1960.23",
    "Date":"Jun-01-2014",
    "High":"1968.17",
    "Low":"1915.98",
    "Open":"1923.87",
    "Volume":"63283380000"
},
{
    "AdjClose":"1923.57",
    "Close":"1923.57",
    "Date":"May-01-2014",
    "High":"1924.03",
    "Low":"1859.79",
    "Open":"1884.39",
    "Volume":"63623630000"
},
{
    "AdjClose":"1883.95",
    "Close":"1883.95",
    "Date":"Apr-01-2014",
    "High":"1897.28",
    "Low":"1814.36",
    "Open":"1873.96",
    "Volume":"71595810000"
},
{
    "AdjClose":"1872.34",
    "Close":"1872.34",
    "Date":"Mar-01-2014",
    "High":"1883.97",
    "Low":"1834.44",
    "Open":"1857.68",
    "Volume":"71885030000"
},
{
    "AdjClose":"1859.45",
    "Close":"1859.45",
    "Date":"Feb-01-2014",
    "High":"1867.92",
    "Low":"1737.92",
    "Open":"1782.68",
    "Volume":"69725590000"
},
{
    "AdjClose":"1782.59",
    "Close":"1782.59",
    "Date":"Jan-01-2014",
    "High":"1850.84",
    "Low":"1770.45",
    "Open":"1845.86",
    "Volume":"75871910000"
},
{
    "AdjClose":"1848.36",
    "Close":"1848.36",
    "Date":"Dec-01-2013",
    "High":"1849.44",
    "Low":"1767.99",
    "Open":"1806.55",
    "Volume":"64958820000"
},
{
    "AdjClose":"1805.81",
    "Close":"1805.81",
    "Date":"Nov-01-2013",
    "High":"1813.55",
    "Low":"1746.2",
    "Open":"1758.7",
    "Volume":"63628190000"
},
{
    "AdjClose":"1756.54",
    "Close":"1756.54",
    "Date":"Oct-01-2013",
    "High":"1775.22",
    "Low":"1646.47",
    "Open":"1682.41",
    "Volume":"76647400000"
},
{
    "AdjClose":"1681.55",
    "Close":"1681.55",
    "Date":"Sep-01-2013",
    "High":"1729.86",
    "Low":"1633.41",
    "Open":"1635.95",
    "Volume":"66174410000"
},
{
    "AdjClose":"1632.97",
    "Close":"1632.97",
    "Date":"Aug-01-2013",
    "High":"1709.67",
    "Low":"1627.47",
    "Open":"1689.42",
    "Volume":"64802810000"
},
{
    "AdjClose":"1685.73",
    "Close":"1685.73",
    "Date":"Jul-01-2013",
    "High":"1698.78",
    "Low":"1604.57",
    "Open":"1609.78",
    "Volume":"68106820000"
},
{
    "AdjClose":"1606.28",
    "Close":"1606.28",
    "Date":"Jun-01-2013",
    "High":"1654.19",
    "Low":"1560.33",
    "Open":"1631.71",
    "Volume":"74946790000"
},
{
    "AdjClose":"1630.74",
    "Close":"1630.74",
    "Date":"May-01-2013",
    "High":"1687.18",
    "Low":"1581.28",
    "Open":"1597.55",
    "Volume":"76447250000"
},
{
    "AdjClose":"1597.57",
    "Close":"1597.57",
    "Date":"Apr-01-2013",
    "High":"1597.57",
    "Low":"1536.03",
    "Open":"1569.18",
    "Volume":"77098000000"
},
{
    "AdjClose":"1569.19",
    "Close":"1569.19",
    "Date":"Mar-01-2013",
    "High":"1570.28",
    "Low":"1501.48",
    "Open":"1514.68",
    "Volume":"68527110000"
},
{
    "AdjClose":"1514.68",
    "Close":"1514.68",
    "Date":"Feb-01-2013",
    "High":"1530.94",
    "Low":"1485.01",
    "Open":"1498.11",
    "Volume":"69273480000"
},
{
    "AdjClose":"1498.11",
    "Close":"1498.11",
    "Date":"Jan-01-2013",
    "High":"1509.94",
    "Low":"1426.19",
    "Open":"1426.19",
    "Volume":"75848510000"
},
{
    "AdjClose":"1426.19",
    "Close":"1426.19",
    "Date":"Dec-01-2012",
    "High":"1448",
    "Low":"1398.11",
    "Open":"1416.34",
    "Volume":"66388180000"
},
{
    "AdjClose":"1416.18",
    "Close":"1416.18",
    "Date":"Nov-01-2012",
    "High":"1434.27",
    "Low":"1343.35",
    "Open":"1412.2",
    "Volume":"71489310000"
},
{
    "AdjClose":"1412.16",
    "Close":"1412.16",
    "Date":"Oct-01-2012",
    "High":"1470.96",
    "Low":"1403.28",
    "Open":"1440.9",
    "Volume":"71752320000"
},
{
    "AdjClose":"1440.67",
    "Close":"1440.67",
    "Date":"Sep-01-2012",
    "High":"1474.51",
    "Low":"1396.56",
    "Open":"1406.54",
    "Volume":"69784280000"
},
{
    "AdjClose":"1406.58",
    "Close":"1406.58",
    "Date":"Aug-01-2012",
    "High":"1426.68",
    "Low":"1354.65",
    "Open":"1379.32",
    "Volume":"70283810000"
},
{
    "AdjClose":"1379.32",
    "Close":"1379.32",
    "Date":"Jul-01-2012",
    "High":"1391.74",
    "Low":"1325.41",
    "Open":"1362.33",
    "Volume":"73103810000"
},
{
    "AdjClose":"1362.16",
    "Close":"1362.16",
    "Date":"Jun-01-2012",
    "High":"1363.46",
    "Low":"1266.74",
    "Open":"1309.87",
    "Volume":"81582440000"
},
{
    "AdjClose":"1310.33",
    "Close":"1310.33",
    "Date":"May-01-2012",
    "High":"1415.32",
    "Low":"1291.98",
    "Open":"1397.86",
    "Volume":"86920490000"
},
{
    "AdjClose":"1397.91",
    "Close":"1397.91",
    "Date":"Apr-01-2012",
    "High":"1422.38",
    "Low":"1357.38",
    "Open":"1408.47",
    "Volume":"74761710000"
},
{
    "AdjClose":"1408.47",
    "Close":"1408.47",
    "Date":"Mar-01-2012",
    "High":"1419.15",
    "Low":"1340.03",
    "Open":"1365.9",
    "Volume":"83899660000"
},
{
    "AdjClose":"1365.68",
    "Close":"1365.68",
    "Date":"Feb-01-2012",
    "High":"1378.04",
    "Low":"1312.45",
    "Open":"1312.45",
    "Volume":"78385710000"
},
{
    "AdjClose":"1312.41",
    "Close":"1312.41",
    "Date":"Jan-01-2012",
    "High":"1333.47",
    "Low":"1258.86",
    "Open":"1258.86",
    "Volume":"79567560000"
},
